date,floor_eth,floor_punk_index,active_asks,source
2017-06-23,0.3,4971,21,onchain-orderbook
2017-06-24,0.135,9439,226,onchain-orderbook
2017-06-25,0.14,1054,314,onchain-orderbook
2017-06-26,0.2,2801,338,onchain-orderbook
2017-06-27,0.15,1143,343,onchain-orderbook
2017-06-28,0.15,1143,367,onchain-orderbook
2017-06-29,0.14,4827,415,onchain-orderbook
2017-06-30,0.19,5624,419,onchain-orderbook
2017-07-01,0.2,9571,416,onchain-orderbook
2017-07-02,0.22,7442,410,onchain-orderbook
2017-07-03,0.235,6130,422,onchain-orderbook
2017-07-04,0.235,2694,420,onchain-orderbook
2017-07-05,0.235,2280,416,onchain-orderbook
2017-07-06,0.24,1401,461,onchain-orderbook
2017-07-07,0.3,3665,501,onchain-orderbook
2017-07-08,0.3,2280,494,onchain-orderbook
2017-07-09,0.325,4205,516,onchain-orderbook
2017-07-10,0.325,4205,504,onchain-orderbook
2017-07-11,0.35,4164,689,onchain-orderbook
2017-07-12,0.3758,1581,749,onchain-orderbook
2017-07-13,0.37,1437,716,onchain-orderbook
2017-07-14,0.37,1437,749,onchain-orderbook
2017-07-15,0.37,1437,747,onchain-orderbook
2017-07-16,0.37,5910,749,onchain-orderbook
2017-07-17,0.37,5910,764,onchain-orderbook
2017-07-18,0.35,3886,720,onchain-orderbook
2017-07-19,0.3,2606,752,onchain-orderbook
2017-07-20,0.3,2606,748,onchain-orderbook
2017-07-21,0.3,2216,739,onchain-orderbook
2017-07-22,0.29,6692,746,onchain-orderbook
2017-07-23,0.29,6692,747,onchain-orderbook
2017-07-24,0.3,2913,749,onchain-orderbook
2017-07-25,0.3,2913,790,onchain-orderbook
2017-07-26,0.3,2913,794,onchain-orderbook
2017-07-27,0.3,2913,795,onchain-orderbook
2017-07-28,0.275,1642,799,onchain-orderbook
2017-07-29,0.275,1436,796,onchain-orderbook
2017-07-30,0.275,1436,785,onchain-orderbook
2017-07-31,0.275,1436,778,onchain-orderbook
2017-08-01,0.275,1436,796,onchain-orderbook
2017-08-02,0.275,1436,764,onchain-orderbook
2017-08-03,0.25,7524,750,onchain-orderbook
2017-08-04,0.25,7524,757,onchain-orderbook
2017-08-05,0.25,7524,750,onchain-orderbook
2017-08-06,0.25,7524,756,onchain-orderbook
2017-08-07,0.25,7524,763,onchain-orderbook
2017-08-08,0.25,1436,800,onchain-orderbook
2017-08-09,0.25,1436,846,onchain-orderbook
2017-08-10,0.25,1436,808,onchain-orderbook
2017-08-11,0.2444,6675,815,onchain-orderbook
2017-08-12,0.17444,6675,845,onchain-orderbook
2017-08-13,0.174444,4532,848,onchain-orderbook
2017-08-14,0.174444,4532,852,onchain-orderbook
2017-08-15,0.24,1642,852,onchain-orderbook
2017-08-16,0.22,2286,860,onchain-orderbook
2017-08-17,0.22,2286,860,onchain-orderbook
2017-08-18,0.22,2286,860,onchain-orderbook
2017-08-19,0.22,2286,865,onchain-orderbook
2017-08-20,0.22,2286,865,onchain-orderbook
2017-08-21,0.22,2286,872,onchain-orderbook
2017-08-22,0.2,1456,887,onchain-orderbook
2017-08-23,0.2,1456,888,onchain-orderbook
2017-08-24,0.2,1456,888,onchain-orderbook
2017-08-25,0.2,1456,910,onchain-orderbook
2017-08-26,0.2,1456,911,onchain-orderbook
2017-08-27,0.2,1456,915,onchain-orderbook
2017-08-28,0.2,1456,908,onchain-orderbook
2017-08-29,0.17,7575,914,onchain-orderbook
2017-08-30,0.17,7575,936,onchain-orderbook
2017-08-31,0.17,7575,939,onchain-orderbook
2017-09-01,0.17,7575,945,onchain-orderbook
2017-09-02,0.17,7575,935,onchain-orderbook
2017-09-03,0.13,7911,935,onchain-orderbook
2017-09-04,0.16,7575,932,onchain-orderbook
2017-09-05,0.18,7181,939,onchain-orderbook
2017-09-06,0.18,7181,940,onchain-orderbook
2017-09-07,0.18,7181,940,onchain-carried
2017-09-08,0.18,7181,940,onchain-orderbook
2017-09-09,0.18,7181,940,onchain-carried
2017-09-10,0.18,7181,937,onchain-orderbook
2017-09-11,0.18,7181,936,onchain-orderbook
2017-09-12,0.2,9706,938,onchain-orderbook
2017-09-13,0.19,1480,940,onchain-orderbook
2017-09-14,0.19,1480,940,onchain-orderbook
2017-09-15,0.19,1480,940,onchain-carried
2017-09-16,0.19,1480,940,onchain-orderbook
2017-09-17,0.19,1480,941,onchain-orderbook
2017-09-18,0.19,1480,947,onchain-orderbook
2017-09-19,0.182,4163,967,onchain-orderbook
2017-09-20,0.13,5106,968,onchain-orderbook
2017-09-21,0.15,8239,991,onchain-orderbook
2017-09-22,0.15,8239,994,onchain-orderbook
2017-09-23,0.15,1456,1005,onchain-orderbook
2017-09-24,0.14,8952,1016,onchain-orderbook
2017-09-25,0.14,8952,1017,onchain-orderbook
2017-09-26,0.14,8952,1014,onchain-orderbook
2017-09-27,0.14,8952,1009,onchain-orderbook
2017-09-28,0.14,8952,1024,onchain-orderbook
2017-09-29,0.14,8952,1022,onchain-orderbook
2017-09-30,0.14,8952,1019,onchain-orderbook
2017-10-01,0.14,8952,1019,onchain-orderbook
2017-10-02,0.14,8952,1013,onchain-orderbook
2017-10-03,0.14,8952,1013,onchain-orderbook
2017-10-04,0.14,8952,1002,onchain-orderbook
2017-10-05,0.14,8952,1000,onchain-orderbook
2017-10-06,0.14,8952,1003,onchain-orderbook
2017-10-07,0.14,8952,1003,onchain-carried
2017-10-08,0.14,8952,1004,onchain-orderbook
2017-10-09,0.14,8952,1002,onchain-orderbook
2017-10-10,0.14,8952,1002,onchain-carried
2017-10-11,0.14,8952,1003,onchain-orderbook
2017-10-12,0.13,5249,1006,onchain-orderbook
2017-10-13,0.12,5953,1005,onchain-orderbook
2017-10-14,0.11,5953,1002,onchain-orderbook
2017-10-15,0.13,5249,1003,onchain-orderbook
2017-10-16,0.12,3305,1002,onchain-orderbook
2017-10-17,0.11,3305,1003,onchain-orderbook
2017-10-18,0.1,3305,1003,onchain-orderbook
2017-10-19,0.13,5249,1002,onchain-orderbook
2017-10-20,0.13,5249,1004,onchain-orderbook
2017-10-21,0.13,5249,1003,onchain-orderbook
2017-10-22,0.13,5249,1004,onchain-orderbook
2017-10-23,0.13,5249,1006,onchain-orderbook
2017-10-24,0.12,5737,1006,onchain-orderbook
2017-10-25,0.1,5737,1006,onchain-orderbook
2017-10-26,0.09,5737,1010,onchain-orderbook
2017-10-27,0.08,5737,1015,onchain-orderbook
2017-10-28,0.08,5737,1018,onchain-orderbook
2017-10-29,0.1,6204,1015,onchain-orderbook
2017-10-30,0.1,6204,1013,onchain-orderbook
2017-10-31,0.1,6204,1016,onchain-orderbook
2017-11-01,0.09,1306,1047,onchain-orderbook
2017-11-02,0.09,1306,1044,onchain-orderbook
2017-11-03,0.09,1306,1056,onchain-orderbook
2017-11-04,0.09,1306,1055,onchain-orderbook
2017-11-05,0.09,1306,1055,onchain-orderbook
2017-11-06,0.09,1306,1055,onchain-orderbook
2017-11-07,0.09,1306,1054,onchain-orderbook
2017-11-08,0.09,1306,1054,onchain-orderbook
2017-11-09,0.09,1306,1052,onchain-orderbook
2017-11-10,0.09,1306,1052,onchain-orderbook
2017-11-11,0.09,1306,1052,onchain-orderbook
2017-11-12,0.09,1306,1051,onchain-orderbook
2017-11-13,0.09,1306,1049,onchain-orderbook
2017-11-14,0.09,1306,1050,onchain-orderbook
2017-11-15,0.09,1306,1049,onchain-orderbook
2017-11-16,0.09,1306,1050,onchain-orderbook
2017-11-17,0.09,1306,1050,onchain-orderbook
2017-11-18,0.09,1306,1050,onchain-orderbook
2017-11-19,0.09,1306,1052,onchain-orderbook
2017-11-20,0.09,1306,1055,onchain-orderbook
2017-11-21,0.09,1306,1055,onchain-orderbook
2017-11-22,0.09,1306,1047,onchain-orderbook
2017-11-23,0.09,1306,1055,onchain-orderbook
2017-11-24,0.08,7842,1054,onchain-orderbook
2017-11-25,0.08,7842,1055,onchain-orderbook
2017-11-26,0.09,1306,1055,onchain-orderbook
2017-11-27,0.09,1306,1053,onchain-orderbook
2017-11-28,0.07,2791,1050,onchain-orderbook
2017-11-29,0.07,2991,1057,onchain-orderbook
2017-11-30,0.07,2991,1058,onchain-orderbook
2017-12-01,0.07,2991,1057,onchain-orderbook
2017-12-02,0.07,2991,1060,onchain-orderbook
2017-12-03,0.09,1306,1041,onchain-orderbook
2017-12-04,0.09,1306,1025,onchain-orderbook
2017-12-05,0.09,1306,1014,onchain-orderbook
2017-12-06,0.14,8952,1007,onchain-orderbook
2017-12-07,0.15,8239,1004,onchain-orderbook
2017-12-08,0.15,8234,999,onchain-orderbook
2017-12-09,0.15,8234,999,onchain-carried
2017-12-10,0.15,7232,996,onchain-orderbook
2017-12-11,0.11,1398,1009,onchain-orderbook
2017-12-12,0.1,3822,1062,onchain-orderbook
2017-12-13,0.11,2119,1025,onchain-orderbook
2017-12-14,0.12,6020,1031,onchain-orderbook
2017-12-15,0.1199999999,1723,1029,onchain-orderbook
2017-12-16,0.1,1474,1036,onchain-orderbook
2017-12-17,0.11,1480,1032,onchain-orderbook
2017-12-18,0.1,9208,1033,onchain-orderbook
2017-12-19,0.1,3644,1047,onchain-orderbook
2017-12-20,0.1,8943,1049,onchain-orderbook
2017-12-21,0.1,3206,1040,onchain-orderbook
2017-12-22,0.1,4005,1040,onchain-orderbook
2017-12-23,0.1,1638,1028,onchain-orderbook
2017-12-24,0.1,1638,1023,onchain-orderbook
2017-12-25,0.1,1638,1022,onchain-orderbook
2017-12-26,0.1,1638,1029,onchain-orderbook
2017-12-27,0.1,1638,1025,onchain-orderbook
2017-12-28,0.1,1638,1019,onchain-orderbook
2017-12-29,0.099,7232,1047,onchain-orderbook
2017-12-30,0.099,7232,1052,onchain-orderbook
2017-12-31,0.099,7232,1052,onchain-carried
2018-01-01,0.099,7232,1053,onchain-orderbook
2018-01-02,0.099,7232,1054,onchain-orderbook
2018-01-03,0.1,5561,1052,onchain-orderbook
2018-01-04,0.1,5561,1051,onchain-orderbook
2018-01-05,0.1,5561,1052,onchain-orderbook
2018-01-06,0.1,5561,1061,onchain-orderbook
2018-01-07,0.1,5561,1062,onchain-orderbook
2018-01-08,0.08,3436,1064,onchain-orderbook
2018-01-09,0.09,1586,1062,onchain-orderbook
2018-01-10,0.08,2553,1061,onchain-orderbook
2018-01-11,0.09,3389,1058,onchain-orderbook
2018-01-12,0.09,3389,1088,onchain-orderbook
2018-01-13,0.08,3796,1104,onchain-orderbook
2018-01-14,0.09,3389,1106,onchain-orderbook
2018-01-15,0.09,3389,1130,onchain-orderbook
2018-01-16,0.09,8366,1125,onchain-orderbook
2018-01-17,0.09,8366,1138,onchain-orderbook
2018-01-18,0.09,8366,1135,onchain-orderbook
2018-01-19,0.09,8366,1153,onchain-orderbook
2018-01-20,0.09,8366,1182,onchain-orderbook
2018-01-21,0.09,8366,1182,onchain-orderbook
2018-01-22,0.09,8366,1185,onchain-orderbook
2018-01-23,0.09,8366,1177,onchain-orderbook
2018-01-24,0.09,8366,1176,onchain-orderbook
2018-01-25,0.09,8366,1177,onchain-orderbook
2018-01-26,0.09,8366,1171,onchain-orderbook
2018-01-27,0.09,8366,1172,onchain-orderbook
2018-01-28,0.09,8366,1171,onchain-orderbook
2018-01-29,0.09,8366,1184,onchain-orderbook
2018-01-30,0.09,8366,1184,onchain-carried
2018-01-31,0.08,7925,1185,onchain-orderbook
2018-02-01,0.09,8366,1184,onchain-orderbook
2018-02-02,0.09,8366,1185,onchain-orderbook
2018-02-03,0.09,8366,1184,onchain-orderbook
2018-02-04,0.09,8366,1182,onchain-orderbook
2018-02-05,0.09,8366,1181,onchain-orderbook
2018-02-06,0.09,8366,1181,onchain-orderbook
2018-02-07,0.09,8366,1181,onchain-orderbook
2018-02-08,0.09,8366,1181,onchain-orderbook
2018-02-09,0.09,3643,1180,onchain-orderbook
2018-02-10,0.09,3643,1180,onchain-orderbook
2018-02-11,0.09,3643,1180,onchain-orderbook
2018-02-12,0.09,3643,1180,onchain-orderbook
2018-02-13,0.09,3643,1180,onchain-carried
2018-02-14,0.09,3643,1181,onchain-orderbook
2018-02-15,0.09,3643,1180,onchain-orderbook
2018-02-16,0.09,3643,1180,onchain-orderbook
2018-02-17,0.09,3643,1180,onchain-orderbook
2018-02-18,0.09,3643,1180,onchain-orderbook
2018-02-19,0.09,3643,1181,onchain-orderbook
2018-02-20,0.09,3643,1180,onchain-orderbook
2018-02-21,0.09,3171,1178,onchain-orderbook
2018-02-22,0.1,4495,1177,onchain-orderbook
2018-02-23,0.1,4495,1175,onchain-orderbook
2018-02-24,0.1,4610,1170,onchain-orderbook
2018-02-25,0.1,4610,1170,onchain-carried
2018-02-26,0.1,4610,1170,onchain-orderbook
2018-02-27,0.1,4610,1170,onchain-orderbook
2018-02-28,0.099,3945,1168,onchain-orderbook
2018-03-01,0.1,4610,1165,onchain-orderbook
2018-03-02,0.1,4610,1163,onchain-orderbook
2018-03-03,0.1,4610,1159,onchain-orderbook
2018-03-04,0.09,4024,1160,onchain-orderbook
2018-03-05,0.09,4024,1160,onchain-orderbook
2018-03-06,0.09,4024,1160,onchain-carried
2018-03-07,0.09,4024,1155,onchain-orderbook
2018-03-08,0.09,4024,1147,onchain-orderbook
2018-03-09,0.09,4024,1146,onchain-orderbook
2018-03-10,0.09,4024,1146,onchain-carried
2018-03-11,0.09,4024,1146,onchain-carried
2018-03-12,0.09,4024,1145,onchain-orderbook
2018-03-13,0.1,4610,1152,onchain-orderbook
2018-03-14,0.1,4610,1187,onchain-orderbook
2018-03-15,0.1,4610,1208,onchain-orderbook
2018-03-16,0.1,4610,1207,onchain-orderbook
2018-03-17,0.1,4610,1206,onchain-orderbook
2018-03-18,0.1,4610,1204,onchain-orderbook
2018-03-19,0.1,4610,1203,onchain-orderbook
2018-03-20,0.1,4610,1200,onchain-orderbook
2018-03-21,0.1,4610,1198,onchain-orderbook
2018-03-22,0.1,4610,1197,onchain-orderbook
2018-03-23,0.1,8475,1183,onchain-orderbook
2018-03-24,0.1,8475,1182,onchain-orderbook
2018-03-25,0.1,8475,1180,onchain-orderbook
2018-03-26,0.1,8475,1193,onchain-orderbook
2018-03-27,0.1,8475,1193,onchain-orderbook
2018-03-28,0.1,8475,1192,onchain-orderbook
2018-03-29,0.1,8475,1192,onchain-carried
2018-03-30,0.1,8475,1192,onchain-carried
2018-03-31,0.1,8475,1191,onchain-orderbook
2018-04-01,0.1,8475,1188,onchain-orderbook
2018-04-02,0.1,8475,1184,onchain-orderbook
2018-04-03,0.1,6584,1173,onchain-orderbook
2018-04-04,0.1,6584,1163,onchain-orderbook
2018-04-05,0.1,8244,1169,onchain-orderbook
2018-04-06,0.1,8244,1168,onchain-orderbook
2018-04-07,0.1,8244,1166,onchain-orderbook
2018-04-08,0.1,8244,1164,onchain-orderbook
2018-04-09,0.1,8244,1163,onchain-orderbook
2018-04-10,0.09,6584,1164,onchain-orderbook
2018-04-11,0.09,6584,1163,onchain-orderbook
2018-04-12,0.09,6584,1163,onchain-carried
2018-04-13,0.09,6584,1163,onchain-carried
2018-04-14,0.1,8244,1161,onchain-orderbook
2018-04-15,0.1,8244,1162,onchain-orderbook
2018-04-16,0.1,8244,1162,onchain-orderbook
2018-04-17,0.1,8244,1163,onchain-orderbook
2018-04-18,0.1,8244,1163,onchain-orderbook
2018-04-19,0.1,8244,1163,onchain-carried
2018-04-20,0.1,8244,1162,onchain-orderbook
2018-04-21,0.1,8244,1159,onchain-orderbook
2018-04-22,0.1,8244,1160,onchain-orderbook
2018-04-23,0.1,8244,1160,onchain-carried
2018-04-24,0.09,3175,1161,onchain-orderbook
2018-04-25,0.1,8244,1162,onchain-orderbook
2018-04-26,0.09,8244,1171,onchain-orderbook
2018-04-27,0.09,8244,1173,onchain-orderbook
2018-04-28,0.09,8244,1172,onchain-orderbook
2018-04-29,0.09,8244,1173,onchain-orderbook
2018-04-30,0.09,8244,1174,onchain-orderbook
2018-05-01,0.1,8475,1172,onchain-orderbook
2018-05-02,0.1,8475,1166,onchain-orderbook
2018-05-03,0.1,8475,1160,onchain-orderbook
2018-05-04,0.1,8475,1162,onchain-orderbook
2018-05-05,0.075,1668,1169,onchain-orderbook
2018-05-06,0.075,1668,1168,onchain-orderbook
2018-05-07,0.075,1668,1164,onchain-orderbook
2018-05-08,0.075,1668,1168,onchain-orderbook
2018-05-09,0.075,1668,1168,onchain-orderbook
2018-05-10,0.075,1668,1169,onchain-orderbook
2018-05-11,0.075,1668,1169,onchain-carried
2018-05-12,0.075,1668,1170,onchain-orderbook
2018-05-13,0.075,1668,1174,onchain-orderbook
2018-05-14,0.075,1668,1175,onchain-orderbook
2018-05-15,0.075,1668,1177,onchain-orderbook
2018-05-16,0.075,1668,1177,onchain-carried
2018-05-17,0.075,1668,1177,onchain-orderbook
2018-05-18,0.075,1668,1177,onchain-carried
2018-05-19,0.075,1668,1176,onchain-orderbook
2018-05-20,0.075,1668,1176,onchain-carried
2018-05-21,0.075,1668,1176,onchain-carried
2018-05-22,0.075,1668,1177,onchain-orderbook
2018-05-23,0.075,1668,1177,onchain-carried
2018-05-24,0.075,1668,1177,onchain-carried
2018-05-25,0.075,1668,1180,onchain-orderbook
2018-05-26,0.05,8475,1188,onchain-orderbook
2018-05-27,0.05,8475,1191,onchain-orderbook
2018-05-28,0.05,6322,1179,onchain-orderbook
2018-05-29,0.05,3790,1189,onchain-orderbook
2018-05-30,0.05,3790,1186,onchain-orderbook
2018-05-31,0.05,3790,1178,onchain-orderbook
2018-06-01,0.05,3790,1177,onchain-orderbook
2018-06-02,0.05,3790,1177,onchain-orderbook
2018-06-03,0.05,3790,1176,onchain-orderbook
2018-06-04,0.05,3790,1176,onchain-carried
2018-06-05,0.05,3790,1176,onchain-carried
2018-06-06,0.05,3790,1174,onchain-orderbook
2018-06-07,0.05,3790,1171,onchain-orderbook
2018-06-08,0.1,4523,1117,onchain-orderbook
2018-06-09,0.1,4523,1126,onchain-orderbook
2018-06-10,0.1,4523,1126,onchain-orderbook
2018-06-11,0.05,3010,1125,onchain-orderbook
2018-06-12,0.05,1537,1099,onchain-orderbook
2018-06-13,0.05,1584,1098,onchain-orderbook
2018-06-14,0.05,1584,1101,onchain-orderbook
2018-06-15,0.1,1912,1100,onchain-orderbook
2018-06-16,0.1,1912,1100,onchain-orderbook
2018-06-17,0.1,1912,1077,onchain-orderbook
2018-06-18,0.1,1912,1079,onchain-orderbook
2018-06-19,0.1,1912,1079,onchain-carried
2018-06-20,0.1,1912,1079,onchain-carried
2018-06-21,0.1,1912,1079,onchain-carried
2018-06-22,0.1,1912,1078,onchain-orderbook
2018-06-23,0.1,1912,1078,onchain-orderbook
2018-06-24,0.1,1912,1076,onchain-orderbook
2018-06-25,0.1,1912,1076,onchain-orderbook
2018-06-26,0.1,1912,1076,onchain-carried
2018-06-27,0.1,1912,1076,onchain-carried
2018-06-28,0.1,1912,1075,onchain-orderbook
2018-06-29,0.1,1912,1076,onchain-orderbook
2018-06-30,0.1,1912,1076,onchain-orderbook
2018-07-01,0.1,1912,1076,onchain-carried
2018-07-02,0.1,1912,1076,onchain-carried
2018-07-03,0.1,1912,1076,onchain-carried
2018-07-04,0.1,1912,1075,onchain-orderbook
2018-07-05,0.1,1912,1075,onchain-carried
2018-07-06,0.1,1912,1075,onchain-carried
2018-07-07,0.1,1912,1075,onchain-carried
2018-07-08,0.1,1912,1075,onchain-carried
2018-07-09,0.1,1912,1072,onchain-orderbook
2018-07-10,0.1,1912,1070,onchain-orderbook
2018-07-11,0.1,1912,1070,onchain-carried
2018-07-12,0.1,1912,1070,onchain-carried
2018-07-13,0.1,1912,1071,onchain-orderbook
2018-07-14,0.1,1912,1071,onchain-carried
2018-07-15,0.1,1912,1071,onchain-carried
2018-07-16,0.1,1912,1071,onchain-carried
2018-07-17,0.1,1912,1070,onchain-orderbook
2018-07-18,0.1,1912,1069,onchain-orderbook
2018-07-19,0.1,1912,1070,onchain-orderbook
2018-07-20,0.1,1912,1069,onchain-orderbook
2018-07-21,0.1,1912,1069,onchain-carried
2018-07-22,0.1,1912,1069,onchain-carried
2018-07-23,0.1,1912,1103,onchain-orderbook
2018-07-24,0.1,1912,1103,onchain-carried
2018-07-25,0.1,1912,1102,onchain-orderbook
2018-07-26,0.1,1912,1100,onchain-orderbook
2018-07-27,0.1,1912,1099,onchain-orderbook
2018-07-28,0.1,1912,1098,onchain-orderbook
2018-07-29,0.1,1912,1099,onchain-orderbook
2018-07-30,0.1,1912,1099,onchain-carried
2018-07-31,0.1,1912,1115,onchain-orderbook
2018-08-01,0.1,1912,1115,onchain-carried
2018-08-02,0.1,9142,1114,onchain-orderbook
2018-08-03,0.1,9142,1122,onchain-orderbook
2018-08-04,0.1,9142,1122,onchain-carried
2018-08-05,0.1,9142,1122,onchain-carried
2018-08-06,0.1,9142,1121,onchain-orderbook
2018-08-07,0.1,9142,1121,onchain-orderbook
2018-08-08,0.1,9142,1121,onchain-carried
2018-08-09,0.1,9142,1121,onchain-carried
2018-08-10,0.1,9142,1120,onchain-orderbook
2018-08-11,0.1,9142,1120,onchain-carried
2018-08-12,0.1,9142,1119,onchain-orderbook
2018-08-13,0.1,9142,1118,onchain-orderbook
2018-08-14,0.1,9142,1117,onchain-orderbook
2018-08-15,0.1,9780,1106,onchain-orderbook
2018-08-16,0.1,9780,1105,onchain-orderbook
2018-08-17,0.1,8288,1105,onchain-orderbook
2018-08-18,0.1,8288,1103,onchain-orderbook
2018-08-19,0.1,8288,1104,onchain-orderbook
2018-08-20,0.1,8288,1104,onchain-orderbook
2018-08-21,0.1,8288,1104,onchain-orderbook
2018-08-22,0.1,8288,1102,onchain-orderbook
2018-08-23,0.1,8288,1102,onchain-carried
2018-08-24,0.1,8288,1102,onchain-orderbook
2018-08-25,0.1,8288,1102,onchain-carried
2018-08-26,0.1,8288,1097,onchain-orderbook
2018-08-27,0.1,8288,1103,onchain-orderbook
2018-08-28,0.1,8288,1102,onchain-orderbook
2018-08-29,0.1,8288,1102,onchain-orderbook
2018-08-30,0.1,8288,1102,onchain-carried
2018-08-31,0.1,8288,1102,onchain-carried
2018-09-01,0.1,6335,1095,onchain-orderbook
2018-09-02,0.1,6335,1094,onchain-orderbook
2018-09-03,0.1,6335,1097,onchain-orderbook
2018-09-04,0.1,6335,1097,onchain-orderbook
2018-09-05,0.1,6335,1098,onchain-orderbook
2018-09-06,0.1,6335,1098,onchain-orderbook
2018-09-07,0.1,6335,1097,onchain-orderbook
2018-09-08,0.1,6335,1097,onchain-carried
2018-09-09,0.1,6335,1098,onchain-orderbook
2018-09-10,0.1,6335,1098,onchain-carried
2018-09-11,0.11,2457,1100,onchain-orderbook
2018-09-12,0.11,2457,1101,onchain-orderbook
2018-09-13,0.11,2457,1101,onchain-carried
2018-09-14,0.11,2457,1099,onchain-orderbook
2018-09-15,0.11,2457,1099,onchain-carried
2018-09-16,0.11,2457,1098,onchain-orderbook
2018-09-17,0.11,2457,1097,onchain-orderbook
2018-09-18,0.11,2457,1097,onchain-carried
2018-09-19,0.11,2457,1097,onchain-carried
2018-09-20,0.11,2457,1095,onchain-orderbook
2018-09-21,0.11,2457,1090,onchain-orderbook
2018-09-22,0.11,2457,1085,onchain-orderbook
2018-09-23,0.11,2457,1085,onchain-carried
2018-09-24,0.11,2457,1085,onchain-carried
2018-09-25,0.11,2457,1085,onchain-carried
2018-09-26,0.11,2457,1083,onchain-orderbook
2018-09-27,0.11,2457,1082,onchain-orderbook
2018-09-28,0.11,2457,1083,onchain-orderbook
2018-09-29,0.11,2457,1082,onchain-orderbook
2018-09-30,0.11,2457,1082,onchain-orderbook
2018-10-01,0.11,2457,1083,onchain-orderbook
2018-10-02,0.11,2457,1075,onchain-orderbook
2018-10-03,0.11,2457,1074,onchain-orderbook
2018-10-04,0.11,2457,1071,onchain-orderbook
2018-10-05,0.11,2457,1071,onchain-orderbook
2018-10-06,0.11,2457,1069,onchain-orderbook
2018-10-07,0.11,2457,1071,onchain-orderbook
2018-10-08,0.11,2457,1077,onchain-orderbook
2018-10-09,0.11,2457,1076,onchain-orderbook
2018-10-10,0.11,2457,1076,onchain-carried
2018-10-11,0.12,2595,1065,onchain-orderbook
2018-10-12,0.13,2102,1054,onchain-orderbook
2018-10-13,0.13,2102,1054,onchain-carried
2018-10-14,0.13,2102,1054,onchain-orderbook
2018-10-15,0.13,2102,1054,onchain-carried
2018-10-16,0.13,2102,1054,onchain-carried
2018-10-17,0.13,2102,1054,onchain-carried
2018-10-18,0.135,3783,1053,onchain-orderbook
2018-10-19,0.135,3783,1053,onchain-carried
2018-10-20,0.135,3783,1051,onchain-orderbook
2018-10-21,0.135,3783,1051,onchain-carried
2018-10-22,0.135,3783,1051,onchain-carried
2018-10-23,0.135,3783,1051,onchain-orderbook
2018-10-24,0.135,3783,1050,onchain-orderbook
2018-10-25,0.135,3783,1047,onchain-orderbook
2018-10-26,0.14,4392,1047,onchain-orderbook
2018-10-27,0.14,4392,1049,onchain-orderbook
2018-10-28,0.13,3239,1069,onchain-orderbook
2018-10-29,0.13,3239,1068,onchain-orderbook
2018-10-30,0.13,3239,1068,onchain-carried
2018-10-31,0.13,3286,1067,onchain-orderbook
2018-11-01,0.13,3312,1067,onchain-orderbook
2018-11-02,0.13,3312,1067,onchain-carried
2018-11-03,0.13,3312,1064,onchain-orderbook
2018-11-04,0.13,3312,1064,onchain-carried
2018-11-05,0.13,3312,1064,onchain-carried
2018-11-06,0.13,3312,1062,onchain-orderbook
2018-11-07,0.13,3312,1068,onchain-orderbook
2018-11-08,0.135,2783,1067,onchain-orderbook
2018-11-09,0.135,2783,1068,onchain-orderbook
2018-11-10,0.135,2783,1068,onchain-carried
2018-11-11,0.135,2783,1068,onchain-carried
2018-11-12,0.135,2783,1067,onchain-orderbook
2018-11-13,0.135,2783,1065,onchain-orderbook
2018-11-14,0.135,2783,1064,onchain-orderbook
2018-11-15,0.135,2783,1064,onchain-carried
2018-11-16,0.135,2783,1064,onchain-carried
2018-11-17,0.135,2783,1063,onchain-orderbook
2018-11-18,0.1249,3034,1067,onchain-orderbook
2018-11-19,0.1249,3034,1066,onchain-orderbook
2018-11-20,0.1249,2987,1051,onchain-orderbook
2018-11-21,0.1249,2987,1050,onchain-orderbook
2018-11-22,0.1249,2987,1049,onchain-orderbook
2018-11-23,0.1249,2987,1049,onchain-carried
2018-11-24,0.1249,2987,1048,onchain-orderbook
2018-11-25,0.1249,2987,1045,onchain-orderbook
2018-11-26,0.135,2783,1040,onchain-orderbook
2018-11-27,0.135,2848,1033,onchain-orderbook
2018-11-28,0.135,2848,1030,onchain-orderbook
2018-11-29,0.135,2848,1026,onchain-orderbook
2018-11-30,0.135,2848,1024,onchain-orderbook
2018-12-01,0.135,2848,1024,onchain-carried
2018-12-02,0.135,2848,1024,onchain-orderbook
2018-12-03,0.14,3235,1022,onchain-orderbook
2018-12-04,0.14,3235,1021,onchain-orderbook
2018-12-05,0.18,5020,1007,onchain-orderbook
2018-12-06,0.18,5020,1003,onchain-orderbook
2018-12-07,0.2,4610,995,onchain-orderbook
2018-12-08,0.23,4610,991,onchain-orderbook
2018-12-09,0.23,4610,991,onchain-carried
2018-12-10,0.23,4610,991,onchain-orderbook
2018-12-11,0.23,4610,991,onchain-orderbook
2018-12-12,0.23,4610,991,onchain-carried
2018-12-13,0.23,4610,960,onchain-orderbook
2018-12-14,0.23,4610,958,onchain-orderbook
2018-12-15,0.23,4610,957,onchain-orderbook
2018-12-16,0.25,2929,948,onchain-orderbook
2018-12-17,0.25,3922,946,onchain-orderbook
2018-12-18,0.25,3922,944,onchain-orderbook
2018-12-19,0.25,3922,943,onchain-orderbook
2018-12-20,0.25,3922,937,onchain-orderbook
2018-12-21,0.25,3922,936,onchain-orderbook
2018-12-22,0.25,3922,942,onchain-orderbook
2018-12-23,0.25,3922,941,onchain-orderbook
2018-12-24,0.25,3922,937,onchain-orderbook
2018-12-25,0.25,3922,938,onchain-orderbook
2018-12-26,0.25,3922,938,onchain-carried
2018-12-27,0.25,3922,936,onchain-orderbook
2018-12-28,0.25,3922,938,onchain-orderbook
2018-12-29,0.19,3010,936,onchain-orderbook
2018-12-30,0.29,7478,959,onchain-orderbook
2018-12-31,0.28,2846,959,onchain-orderbook
2019-01-01,0.298,4691,957,onchain-orderbook
2019-01-02,0.29,2848,960,onchain-orderbook
2019-01-03,0.29,2848,957,onchain-orderbook
2019-01-04,0.2849,3152,954,onchain-orderbook
2019-01-05,0.2849,3152,966,onchain-orderbook
2019-01-06,0.2849,3152,966,onchain-carried
2019-01-07,0.275,6531,972,onchain-orderbook
2019-01-08,0.2849,3152,971,onchain-orderbook
2019-01-09,0.2849,3152,971,onchain-orderbook
2019-01-10,0.2849,3152,987,onchain-orderbook
2019-01-11,0.29,2848,987,onchain-orderbook
2019-01-12,0.29,2848,989,onchain-orderbook
2019-01-13,0.29,2848,988,onchain-orderbook
2019-01-14,0.29,2848,988,onchain-carried
2019-01-15,0.29,2848,988,onchain-orderbook
2019-01-16,0.29,2848,987,onchain-orderbook
2019-01-17,0.29,9519,985,onchain-orderbook
2019-01-18,0.29,9519,983,onchain-orderbook
2019-01-19,0.28,5105,977,onchain-orderbook
2019-01-20,0.299,3922,969,onchain-orderbook
2019-01-21,0.299,3922,967,onchain-orderbook
2019-01-22,0.299,3922,965,onchain-orderbook
2019-01-23,0.299,3922,964,onchain-orderbook
2019-01-24,0.299,3922,967,onchain-orderbook
2019-01-25,0.299,3922,978,onchain-orderbook
2019-01-26,0.299,3922,973,onchain-orderbook
2019-01-27,0.299,3922,1004,onchain-orderbook
2019-01-28,0.3,1416,1004,onchain-orderbook
2019-01-29,0.3,1416,1005,onchain-orderbook
2019-01-30,0.3,1416,1002,onchain-orderbook
2019-01-31,0.3,1416,1002,onchain-orderbook
2019-02-01,0.3,1416,998,onchain-orderbook
2019-02-02,0.3,1416,998,onchain-orderbook
2019-02-03,0.3,1416,997,onchain-orderbook
2019-02-04,0.3,1416,997,onchain-carried
2019-02-05,0.3,1416,997,onchain-orderbook
2019-02-06,0.3,1416,997,onchain-carried
2019-02-07,0.3,1416,998,onchain-orderbook
2019-02-08,0.3,1416,997,onchain-orderbook
2019-02-09,0.3,1416,998,onchain-orderbook
2019-02-10,0.3,1416,997,onchain-orderbook
2019-02-11,0.3,1416,997,onchain-carried
2019-02-12,0.3,1416,997,onchain-carried
2019-02-13,0.3,1416,989,onchain-orderbook
2019-02-14,0.3,1416,987,onchain-orderbook
2019-02-15,0.3,1416,987,onchain-carried
2019-02-16,0.3,1416,985,onchain-orderbook
2019-02-17,0.3,1416,985,onchain-carried
2019-02-18,0.3,1416,985,onchain-orderbook
2019-02-19,0.3,1416,984,onchain-orderbook
2019-02-20,0.3,1416,984,onchain-orderbook
2019-02-21,0.3,1416,986,onchain-orderbook
2019-02-22,0.3,1416,979,onchain-orderbook
2019-02-23,0.3,1416,975,onchain-orderbook
2019-02-24,0.294,3260,973,onchain-orderbook
2019-02-25,0.294,3260,973,onchain-carried
2019-02-26,0.294,3260,974,onchain-orderbook
2019-02-27,0.294,3260,976,onchain-orderbook
2019-02-28,0.294,3260,975,onchain-orderbook
2019-03-01,0.294,3260,975,onchain-carried
2019-03-02,0.294,3260,978,onchain-orderbook
2019-03-03,0.294,3260,979,onchain-orderbook
2019-03-04,0.294,3260,979,onchain-carried
2019-03-05,0.294,3260,979,onchain-orderbook
2019-03-06,0.294,3260,977,onchain-orderbook
2019-03-07,0.294,3260,977,onchain-orderbook
2019-03-08,0.294,3260,977,onchain-carried
2019-03-09,0.294,3260,977,onchain-carried
2019-03-10,0.294,3260,977,onchain-carried
2019-03-11,0.294,3260,977,onchain-orderbook
2019-03-12,0.294,3260,978,onchain-orderbook
2019-03-13,0.294,3260,975,onchain-orderbook
2019-03-14,0.299,2043,972,onchain-orderbook
2019-03-15,0.299,2043,974,onchain-orderbook
2019-03-16,0.299,2043,976,onchain-orderbook
2019-03-17,0.299,2043,976,onchain-carried
2019-03-18,0.299,2043,976,onchain-carried
2019-03-19,0.299,2043,977,onchain-orderbook
2019-03-20,0.299,2043,973,onchain-orderbook
2019-03-21,0.299,2043,972,onchain-orderbook
2019-03-22,0.299,2043,973,onchain-orderbook
2019-03-23,0.299,2043,973,onchain-carried
2019-03-24,0.299,2043,967,onchain-orderbook
2019-03-25,0.299,2043,958,onchain-orderbook
2019-03-26,0.299,2043,962,onchain-orderbook
2019-03-27,0.299,2043,959,onchain-orderbook
2019-03-28,0.34,3099,955,onchain-orderbook
2019-03-29,0.34,3099,949,onchain-orderbook
2019-03-30,0.34,3099,948,onchain-orderbook
2019-03-31,0.34,3099,946,onchain-orderbook
2019-04-01,0.34,3099,946,onchain-orderbook
2019-04-02,0.34,3099,948,onchain-orderbook
2019-04-03,0.34,3099,948,onchain-orderbook
2019-04-04,0.34,3099,949,onchain-orderbook
2019-04-05,0.34,3099,949,onchain-orderbook
2019-04-06,0.34,3099,948,onchain-orderbook
2019-04-07,0.35,2907,951,onchain-orderbook
2019-04-08,0.35,2907,953,onchain-orderbook
2019-04-09,0.35,2907,955,onchain-orderbook
2019-04-10,0.35,2907,954,onchain-orderbook
2019-04-11,0.35,2907,953,onchain-orderbook
2019-04-12,0.35,2907,953,onchain-orderbook
2019-04-13,0.34,2457,964,onchain-orderbook
2019-04-14,0.34,2457,964,onchain-orderbook
2019-04-15,0.34,2457,964,onchain-orderbook
2019-04-16,0.34,2457,962,onchain-orderbook
2019-04-17,0.35,2907,961,onchain-orderbook
2019-04-18,0.35,2907,958,onchain-orderbook
2019-04-19,0.35,2907,960,onchain-orderbook
2019-04-20,0.34,3922,956,onchain-orderbook
2019-04-21,0.34,3922,955,onchain-orderbook
2019-04-22,0.34,1842,964,onchain-orderbook
2019-04-23,0.34,1842,973,onchain-orderbook
2019-04-24,0.34,2088,974,onchain-orderbook
2019-04-25,0.34,2088,973,onchain-orderbook
2019-04-26,0.3,6514,973,onchain-orderbook
2019-04-27,0.3,6514,973,onchain-orderbook
2019-04-28,0.3,6514,970,onchain-orderbook
2019-04-29,0.3,6514,965,onchain-orderbook
2019-04-30,0.3,6514,964,onchain-orderbook
2019-05-01,0.3,6514,964,onchain-carried
2019-05-02,0.3,6514,964,onchain-carried
2019-05-03,0.3,6514,976,onchain-orderbook
2019-05-04,0.3,6514,974,onchain-orderbook
2019-05-05,0.3,6514,976,onchain-orderbook
2019-05-06,0.44,3378,918,onchain-orderbook
2019-05-07,0.44,3378,923,onchain-orderbook
2019-05-08,0.44,3378,923,onchain-orderbook
2019-05-09,0.44,3378,927,onchain-orderbook
2019-05-10,0.44,3378,921,onchain-orderbook
2019-05-11,0.44,3378,930,onchain-orderbook
2019-05-12,0.44,3378,932,onchain-orderbook
2019-05-13,0.44,3378,930,onchain-orderbook
2019-05-14,0.44,3378,930,onchain-orderbook
2019-05-15,0.44,3378,934,onchain-orderbook
2019-05-16,0.44,3378,938,onchain-orderbook
2019-05-17,0.43,2898,935,onchain-orderbook
2019-05-18,0.43,2898,926,onchain-orderbook
2019-05-19,0.43,2898,923,onchain-orderbook
2019-05-20,0.43,2898,925,onchain-orderbook
2019-05-21,0.43,2898,924,onchain-orderbook
2019-05-22,0.43,2898,916,onchain-orderbook
2019-05-23,0.43,2898,911,onchain-orderbook
2019-05-24,0.43,2898,904,onchain-orderbook
2019-05-25,0.43,2898,906,onchain-orderbook
2019-05-26,0.44,3378,906,onchain-orderbook
2019-05-27,0.43,3762,915,onchain-orderbook
2019-05-28,0.43,3762,916,onchain-orderbook
2019-05-29,0.43,3762,916,onchain-orderbook
2019-05-30,0.44,3378,912,onchain-orderbook
2019-05-31,0.44,3378,919,onchain-orderbook
2019-06-01,0.44,3378,921,onchain-orderbook
2019-06-02,0.42,4488,931,onchain-orderbook
2019-06-03,0.42,4488,931,onchain-orderbook
2019-06-04,0.44,3378,927,onchain-orderbook
2019-06-05,0.44,3378,926,onchain-orderbook
2019-06-06,0.44,3378,914,onchain-orderbook
2019-06-07,0.44,3378,915,onchain-orderbook
2019-06-08,0.44,3378,914,onchain-orderbook
2019-06-09,0.44,3378,912,onchain-orderbook
2019-06-10,0.44,3378,911,onchain-orderbook
2019-06-11,0.44,3378,898,onchain-orderbook
2019-06-12,0.44,3378,890,onchain-orderbook
2019-06-13,0.44,3378,892,onchain-orderbook
2019-06-14,0.4,3378,883,onchain-orderbook
2019-06-15,0.4,3378,887,onchain-orderbook
2019-06-16,0.45,4303,884,onchain-orderbook
2019-06-17,0.434,3355,885,onchain-orderbook
2019-06-18,0.434,3355,885,onchain-orderbook
2019-06-19,0.434,3355,884,onchain-orderbook
2019-06-20,0.434,3355,890,onchain-orderbook
2019-06-21,0.434,3355,882,onchain-orderbook
2019-06-22,0.4,3378,906,onchain-orderbook
2019-06-23,0.4,3378,907,onchain-orderbook
2019-06-24,0.4,3378,904,onchain-orderbook
2019-06-25,0.4,3378,910,onchain-orderbook
2019-06-26,0.4,3378,911,onchain-orderbook
2019-06-27,0.4,3378,910,onchain-orderbook
2019-06-28,0.4,3378,907,onchain-orderbook
2019-06-29,0.4,3378,907,onchain-orderbook
2019-06-30,0.38,3355,907,onchain-orderbook
2019-07-01,0.38,3355,910,onchain-orderbook
2019-07-02,0.38,3355,911,onchain-orderbook
2019-07-03,0.38,3355,911,onchain-orderbook
2019-07-04,0.38,3355,918,onchain-orderbook
2019-07-05,0.34,3355,918,onchain-orderbook
2019-07-06,0.34,3355,919,onchain-orderbook
2019-07-07,0.34,3355,1095,onchain-orderbook
2019-07-08,0.34,3355,1141,onchain-orderbook
2019-07-09,0.34,3355,1140,onchain-orderbook
2019-07-10,0.34,3355,1139,onchain-orderbook
2019-07-11,0.34,3355,1170,onchain-orderbook
2019-07-12,0.34,3355,1246,onchain-orderbook
2019-07-13,0.34,3355,1352,onchain-orderbook
2019-07-14,0.34,3355,1352,onchain-orderbook
2019-07-15,0.34,3355,1354,onchain-orderbook
2019-07-16,0.34,3355,1353,onchain-orderbook
2019-07-17,0.3,7472,1351,onchain-orderbook
2019-07-18,0.3,7281,1350,onchain-orderbook
2019-07-19,0.35,950,1348,onchain-orderbook
2019-07-20,0.3,5519,1346,onchain-orderbook
2019-07-21,0.3,5519,1346,onchain-orderbook
2019-07-22,0.3,5519,1346,onchain-orderbook
2019-07-23,0.3,5519,1346,onchain-orderbook
2019-07-24,0.35,1071,1334,onchain-orderbook
2019-07-25,0.35,1071,1334,onchain-carried
2019-07-26,0.35,1071,1336,onchain-orderbook
2019-07-27,0.39,8715,1333,onchain-orderbook
2019-07-28,0.3,7157,1336,onchain-orderbook
2019-07-29,0.39,8715,1339,onchain-orderbook
2019-07-30,0.39,8715,1340,onchain-orderbook
2019-07-31,0.3,9509,1345,onchain-orderbook
2019-08-01,0.3,9450,1346,onchain-orderbook
2019-08-02,0.3,5519,1345,onchain-orderbook
2019-08-03,0.3,9123,1344,onchain-orderbook
2019-08-04,0.39,8715,1345,onchain-orderbook
2019-08-05,0.39,8715,1345,onchain-carried
2019-08-06,0.39,8715,1344,onchain-orderbook
2019-08-07,0.39,8715,1343,onchain-orderbook
2019-08-08,0.39,8715,1344,onchain-orderbook
2019-08-09,0.3,1397,1338,onchain-orderbook
2019-08-10,0.3,1397,1333,onchain-orderbook
2019-08-11,0.25,6572,1405,onchain-orderbook
2019-08-12,0.25,6480,1398,onchain-orderbook
2019-08-13,0.3,1397,1399,onchain-orderbook
2019-08-14,0.3,1397,1398,onchain-orderbook
2019-08-15,0.3,1397,1399,onchain-orderbook
2019-08-16,0.3,1397,1405,onchain-orderbook
2019-08-17,0.3,1397,1404,onchain-orderbook
2019-08-18,0.3,1397,1404,onchain-carried
2019-08-19,0.3,1397,1404,onchain-carried
2019-08-20,0.3,1397,1404,onchain-carried
2019-08-21,0.3,1397,1403,onchain-orderbook
2019-08-22,0.3,1397,1400,onchain-orderbook
2019-08-23,0.3,1397,1400,onchain-orderbook
2019-08-24,0.3,1397,1400,onchain-orderbook
2019-08-25,0.3,1397,1399,onchain-orderbook
2019-08-26,0.3,1397,1399,onchain-carried
2019-08-27,0.3,1397,1396,onchain-orderbook
2019-08-28,0.3,1397,1396,onchain-carried
2019-08-29,0.3,1397,1394,onchain-orderbook
2019-08-30,0.3,1397,1393,onchain-orderbook
2019-08-31,0.3,1397,1392,onchain-orderbook
2019-09-01,0.25,7385,1391,onchain-orderbook
2019-09-02,0.3,1397,1325,onchain-orderbook
2019-09-03,0.3,1397,1315,onchain-orderbook
2019-09-04,0.3,1397,1333,onchain-orderbook
2019-09-05,0.3,1397,1362,onchain-orderbook
2019-09-06,0.3,1397,1363,onchain-orderbook
2019-09-07,0.3,1397,1364,onchain-orderbook
2019-09-08,0.3,1397,1333,onchain-orderbook
2019-09-09,0.3,1397,1313,onchain-orderbook
2019-09-10,0.3,1397,1294,onchain-orderbook
2019-09-11,0.3,1397,1289,onchain-orderbook
2019-09-12,0.3,1397,1272,onchain-orderbook
2019-09-13,0.3,1397,1270,onchain-orderbook
2019-09-14,0.3,1397,1186,onchain-orderbook
2019-09-15,0.3,1397,1114,onchain-orderbook
2019-09-16,0.3,1397,1094,onchain-orderbook
2019-09-17,0.3,1904,1064,onchain-orderbook
2019-09-18,0.3,1904,1049,onchain-orderbook
2019-09-19,0.3,1904,1049,onchain-carried
2019-09-20,0.3,1904,1051,onchain-orderbook
2019-09-21,0.3,1904,1051,onchain-carried
2019-09-22,0.3,1904,1051,onchain-orderbook
2019-09-23,0.3,1904,1051,onchain-carried
2019-09-24,0.3,1904,1050,onchain-orderbook
2019-09-25,0.3,1904,1048,onchain-orderbook
2019-09-26,0.3,1904,1048,onchain-orderbook
2019-09-27,0.3,1904,1041,onchain-orderbook
2019-09-28,0.25,9555,1007,onchain-orderbook
2019-09-29,0.25,9555,1007,onchain-orderbook
2019-09-30,0.25,9555,1008,onchain-orderbook
2019-10-01,0.25,9555,1009,onchain-orderbook
2019-10-02,0.25,9555,1009,onchain-orderbook
2019-10-03,0.25,9555,1009,onchain-orderbook
2019-10-04,0.25,8536,965,onchain-orderbook
2019-10-05,0.25,8536,966,onchain-orderbook
2019-10-06,0.3,1904,963,onchain-orderbook
2019-10-07,0.3,1904,963,onchain-orderbook
2019-10-08,0.3,6068,962,onchain-orderbook
2019-10-09,0.3,6068,964,onchain-orderbook
2019-10-10,0.3,6068,964,onchain-carried
2019-10-11,0.3,6068,964,onchain-orderbook
2019-10-12,0.25,8536,961,onchain-orderbook
2019-10-13,0.25,4657,964,onchain-orderbook
2019-10-14,0.25,9555,968,onchain-orderbook
2019-10-15,0.25,9555,965,onchain-orderbook
2019-10-16,0.25,9555,965,onchain-carried
2019-10-17,0.25,9555,964,onchain-orderbook
2019-10-18,0.33,4811,968,onchain-orderbook
2019-10-19,0.33,4811,966,onchain-orderbook
2019-10-20,0.33,4811,974,onchain-orderbook
2019-10-21,0.33,4811,975,onchain-orderbook
2019-10-22,0.33,4811,975,onchain-carried
2019-10-23,0.25,7375,974,onchain-orderbook
2019-10-24,0.25,7375,974,onchain-orderbook
2019-10-25,0.25,7375,972,onchain-orderbook
2019-10-26,0.25,7375,980,onchain-orderbook
2019-10-27,0.25,7375,992,onchain-orderbook
2019-10-28,0.25,7375,992,onchain-carried
2019-10-29,0.25,7375,992,onchain-orderbook
2019-10-30,0.25,7375,993,onchain-orderbook
2019-10-31,0.25,7375,993,onchain-orderbook
2019-11-01,0.25,7375,995,onchain-orderbook
2019-11-02,0.25,8095,993,onchain-orderbook
2019-11-03,0.25,8095,991,onchain-orderbook
2019-11-04,0.25,8095,990,onchain-orderbook
2019-11-05,0.25,8095,991,onchain-orderbook
2019-11-06,0.25,8095,994,onchain-orderbook
2019-11-07,0.25,8095,992,onchain-orderbook
2019-11-08,0.25,8095,991,onchain-orderbook
2019-11-09,0.25,8095,993,onchain-orderbook
2019-11-10,0.35,6682,992,onchain-orderbook
2019-11-11,0.35,6682,992,onchain-orderbook
2019-11-12,0.25,8095,991,onchain-orderbook
2019-11-13,0.25,8095,998,onchain-orderbook
2019-11-14,0.25,8095,998,onchain-orderbook
2019-11-15,0.25,8095,998,onchain-carried
2019-11-16,0.25,8095,997,onchain-orderbook
2019-11-17,0.25,8095,997,onchain-orderbook
2019-11-18,0.25,8095,997,onchain-orderbook
2019-11-19,0.25,8095,1004,onchain-orderbook
2019-11-20,0.25,8095,1003,onchain-orderbook
2019-11-21,0.25,8095,1002,onchain-orderbook
2019-11-22,0.34,8051,1000,onchain-orderbook
2019-11-23,0.36,5855,975,onchain-orderbook
2019-11-24,0.36,5855,975,onchain-orderbook
2019-11-25,0.37,5855,972,onchain-orderbook
2019-11-26,0.37,5855,975,onchain-orderbook
2019-11-27,0.37,5855,974,onchain-orderbook
2019-11-28,0.37,5855,974,onchain-orderbook
2019-11-29,0.37,5855,975,onchain-orderbook
2019-11-30,0.37,5855,975,onchain-carried
2019-12-01,0.37,5855,976,onchain-orderbook
2019-12-02,0.37,5855,974,onchain-orderbook
2019-12-03,0.37,5855,974,onchain-orderbook
2019-12-04,0.37,5855,972,onchain-orderbook
2019-12-05,0.37,5855,970,onchain-orderbook
2019-12-06,0.34,3762,971,onchain-orderbook
2019-12-07,0.33,4486,972,onchain-orderbook
2019-12-08,0.37,5855,967,onchain-orderbook
2019-12-09,0.37,5855,963,onchain-orderbook
2019-12-10,0.37,5855,962,onchain-orderbook
2019-12-11,0.37,5855,960,onchain-orderbook
2019-12-12,0.37,5855,960,onchain-orderbook
2019-12-13,0.37,5855,960,onchain-carried
2019-12-14,0.37,5855,959,onchain-orderbook
2019-12-15,0.37,5855,959,onchain-orderbook
2019-12-16,0.37,8095,960,onchain-orderbook
2019-12-17,0.35,9361,959,onchain-orderbook
2019-12-18,0.35,9361,957,onchain-orderbook
2019-12-19,0.35,9361,957,onchain-carried
2019-12-20,0.35,6580,955,onchain-orderbook
2019-12-21,0.37,8095,954,onchain-orderbook
2019-12-22,0.38,6572,953,onchain-orderbook
2019-12-23,0.38,6572,951,onchain-orderbook
2019-12-24,0.38,6572,949,onchain-orderbook
2019-12-25,0.38,6572,949,onchain-orderbook
2019-12-26,0.38,6572,943,onchain-orderbook
2019-12-27,0.37,9453,940,onchain-orderbook
2019-12-28,0.37,9453,944,onchain-orderbook
2019-12-29,0.37,9453,942,onchain-orderbook
2019-12-30,0.44,9453,944,onchain-orderbook
2019-12-31,0.42,6580,945,onchain-orderbook
2020-01-01,0.43,4484,934,onchain-orderbook
2020-01-02,0.44,1456,941,onchain-orderbook
2020-01-03,0.44,1456,929,onchain-orderbook
2020-01-04,0.46,1456,769,onchain-orderbook
2020-01-05,0.48,2535,831,onchain-orderbook
2020-01-06,0.48,2535,825,onchain-orderbook
2020-01-07,0.55,6492,792,onchain-orderbook
2020-01-08,0.57,4329,794,onchain-orderbook
2020-01-09,0.57,4329,789,onchain-orderbook
2020-01-10,0.57,4329,771,onchain-orderbook
2020-01-11,0.56,5544,773,onchain-orderbook
2020-01-12,0.57,4329,764,onchain-orderbook
2020-01-13,0.57,4329,764,onchain-orderbook
2020-01-14,0.57,4329,764,onchain-orderbook
2020-01-15,0.57,4329,758,onchain-orderbook
2020-01-16,0.58,9233,748,onchain-orderbook
2020-01-17,0.64,4910,749,onchain-orderbook
2020-01-18,0.64,4910,739,onchain-orderbook
2020-01-19,0.68,4910,768,onchain-orderbook
2020-01-20,0.68,4910,768,onchain-orderbook
2020-01-21,0.68,4910,772,onchain-orderbook
2020-01-22,0.68,4910,772,onchain-orderbook
2020-01-23,0.68,4910,768,onchain-orderbook
2020-01-24,0.66,2043,769,onchain-orderbook
2020-01-25,0.66,2043,775,onchain-orderbook
2020-01-26,0.66,2043,794,onchain-orderbook
2020-01-27,0.65,3159,796,onchain-orderbook
2020-01-28,0.64,2151,796,onchain-orderbook
2020-01-29,0.59,3806,799,onchain-orderbook
2020-01-30,0.59,3806,798,onchain-orderbook
2020-01-31,0.59,3806,807,onchain-orderbook
2020-02-01,0.6,6122,807,onchain-orderbook
2020-02-02,0.62,4879,812,onchain-orderbook
2020-02-03,0.62,4879,810,onchain-orderbook
2020-02-04,0.62,4879,809,onchain-orderbook
2020-02-05,0.63,5544,807,onchain-orderbook
2020-02-06,0.63,6122,827,onchain-orderbook
2020-02-07,0.6,4631,849,onchain-orderbook
2020-02-08,0.6,2750,852,onchain-orderbook
2020-02-09,0.6,2750,850,onchain-orderbook
2020-02-10,0.59,2151,848,onchain-orderbook
2020-02-11,0.59,2151,845,onchain-orderbook
2020-02-12,0.59,2151,869,onchain-orderbook
2020-02-13,0.59,2151,871,onchain-orderbook
2020-02-14,0.59,2151,875,onchain-orderbook
2020-02-15,0.59,2151,875,onchain-orderbook
2020-02-16,0.59,2151,877,onchain-orderbook
2020-02-17,0.59,2151,875,onchain-orderbook
2020-02-18,0.58,7245,874,onchain-orderbook
2020-02-19,0.6,6008,875,onchain-orderbook
2020-02-20,0.6,6008,875,onchain-orderbook
2020-02-21,0.6,6008,875,onchain-orderbook
2020-02-22,0.59,4201,885,onchain-orderbook
2020-02-23,0.57,9697,885,onchain-orderbook
2020-02-24,0.56,4201,886,onchain-orderbook
2020-02-25,0.56,4201,884,onchain-orderbook
2020-02-26,0.59,7744,884,onchain-orderbook
2020-02-27,0.59,7744,886,onchain-orderbook
2020-02-28,0.6,6008,882,onchain-orderbook
2020-02-29,0.6,6008,884,onchain-orderbook
2020-03-01,0.6,6008,884,onchain-orderbook
2020-03-02,0.6,6008,883,onchain-orderbook
2020-03-03,0.6,6008,883,onchain-orderbook
2020-03-04,0.6,6008,882,onchain-orderbook
2020-03-05,0.6,6008,882,onchain-carried
2020-03-06,0.6,6008,880,onchain-orderbook
2020-03-07,0.6,6008,877,onchain-orderbook
2020-03-08,0.6,6008,875,onchain-orderbook
2020-03-09,0.6,6008,871,onchain-orderbook
2020-03-10,0.6,6008,870,onchain-orderbook
2020-03-11,0.6,6008,870,onchain-carried
2020-03-12,0.6,6008,868,onchain-orderbook
2020-03-13,0.6,6008,853,onchain-orderbook
2020-03-14,0.6,6008,845,onchain-orderbook
2020-03-15,0.6,6008,846,onchain-orderbook
2020-03-16,0.59,3193,844,onchain-orderbook
2020-03-17,0.6,6008,847,onchain-orderbook
2020-03-18,0.6,6008,847,onchain-carried
2020-03-19,0.6,6008,847,onchain-orderbook
2020-03-20,0.6,6008,847,onchain-orderbook
2020-03-21,0.6,6008,845,onchain-orderbook
2020-03-22,0.6,6008,846,onchain-orderbook
2020-03-23,0.6,6008,846,onchain-orderbook
2020-03-24,0.53,3193,847,onchain-orderbook
2020-03-25,0.53,3193,845,onchain-orderbook
2020-03-26,0.53,3193,843,onchain-orderbook
2020-03-27,0.53,3193,843,onchain-carried
2020-03-28,0.53,3193,843,onchain-orderbook
2020-03-29,0.53,3193,842,onchain-orderbook
2020-03-30,0.53,3193,841,onchain-orderbook
2020-03-31,0.53,3193,842,onchain-orderbook
2020-04-01,0.53,3193,841,onchain-orderbook
2020-04-02,0.53,3193,841,onchain-orderbook
2020-04-03,0.53,3193,842,onchain-orderbook
2020-04-04,0.53,3193,842,onchain-orderbook
2020-04-05,0.53,3193,842,onchain-carried
2020-04-06,0.59,7843,841,onchain-orderbook
2020-04-07,0.58,6363,841,onchain-orderbook
2020-04-08,0.58,6363,839,onchain-orderbook
2020-04-09,0.58,6363,838,onchain-orderbook
2020-04-10,0.58,6363,836,onchain-orderbook
2020-04-11,0.58,6363,838,onchain-orderbook
2020-04-12,0.58,6363,838,onchain-carried
2020-04-13,0.58,6363,834,onchain-orderbook
2020-04-14,0.58,6363,834,onchain-carried
2020-04-15,0.58,6363,834,onchain-carried
2020-04-16,0.58,6363,834,onchain-orderbook
2020-04-17,0.51,4219,829,onchain-orderbook
2020-04-18,0.51,4219,828,onchain-orderbook
2020-04-19,0.5,3378,826,onchain-orderbook
2020-04-20,0.5,3378,826,onchain-orderbook
2020-04-21,0.5,3378,825,onchain-orderbook
2020-04-22,0.5,3378,824,onchain-orderbook
2020-04-23,0.51,4219,823,onchain-orderbook
2020-04-24,0.51,4219,822,onchain-orderbook
2020-04-25,0.51,4219,846,onchain-orderbook
2020-04-26,0.52,7885,873,onchain-orderbook
2020-04-27,0.52,7885,864,onchain-orderbook
2020-04-28,0.54,8104,870,onchain-orderbook
2020-04-29,0.55,8322,861,onchain-orderbook
2020-04-30,0.55,8322,859,onchain-orderbook
2020-05-01,0.55,8322,860,onchain-orderbook
2020-05-02,0.55,8322,856,onchain-orderbook
2020-05-03,0.55,8322,849,onchain-orderbook
2020-05-04,0.55,8322,844,onchain-orderbook
2020-05-05,0.55,8322,846,onchain-orderbook
2020-05-06,0.55,8322,849,onchain-orderbook
2020-05-07,0.55,8322,848,onchain-orderbook
2020-05-08,0.55,8322,838,onchain-orderbook
2020-05-09,0.55,8322,823,onchain-orderbook
2020-05-10,0.55,8322,812,onchain-orderbook
2020-05-11,0.55,8322,806,onchain-orderbook
2020-05-12,0.55,8322,799,onchain-orderbook
2020-05-13,0.55,8322,800,onchain-orderbook
2020-05-14,0.699999,2032,760,onchain-orderbook
2020-05-15,0.699999,2032,759,onchain-orderbook
2020-05-16,0.699999,2032,741,onchain-orderbook
2020-05-17,0.8,5144,711,onchain-orderbook
2020-05-18,0.8,5144,707,onchain-orderbook
2020-05-19,0.8,5144,701,onchain-orderbook
2020-05-20,0.82,5557,696,onchain-orderbook
2020-05-21,0.8,6654,703,onchain-orderbook
2020-05-22,1,3897,672,onchain-orderbook
2020-05-23,1,3897,683,onchain-orderbook
2020-05-24,1.09,9040,703,onchain-orderbook
2020-05-25,1.12,1324,705,onchain-orderbook
2020-05-26,1.24,1324,736,onchain-orderbook
2020-05-27,1.38,2194,721,onchain-orderbook
2020-05-28,1.38,2194,756,onchain-orderbook
2020-05-29,1.35,4174,814,onchain-orderbook
2020-05-30,1.32,1469,820,onchain-orderbook
2020-05-31,1.3,3143,821,onchain-orderbook
2020-06-01,1.3,3143,816,onchain-orderbook
2020-06-02,1.25,2194,818,onchain-orderbook
2020-06-03,1.24,2777,836,onchain-orderbook
2020-06-04,1.24,2777,836,onchain-orderbook
2020-06-05,1.2,3143,836,onchain-orderbook
2020-06-06,1.15,9335,839,onchain-orderbook
2020-06-07,1.15,9335,842,onchain-orderbook
2020-06-08,1.15,9335,841,onchain-orderbook
2020-06-09,1.15,9335,846,onchain-orderbook
2020-06-10,1.15,9335,849,onchain-orderbook
2020-06-11,1.01,4871,847,onchain-orderbook
2020-06-12,1.15,9335,842,onchain-orderbook
2020-06-13,1.15,9335,834,onchain-orderbook
2020-06-14,1.15,9335,840,onchain-orderbook
2020-06-15,1.15,9335,840,onchain-orderbook
2020-06-16,1.239,9335,840,onchain-orderbook
2020-06-17,1.239,9335,824,onchain-orderbook
2020-06-18,1.239,9335,828,onchain-orderbook
2020-06-19,0.99,8984,828,onchain-orderbook
2020-06-20,1.13,3665,870,onchain-orderbook
2020-06-21,1.13,3665,870,onchain-orderbook
2020-06-22,1.13,3665,870,onchain-orderbook
2020-06-23,1,6535,867,onchain-orderbook
2020-06-24,1,6535,870,onchain-orderbook
2020-06-25,0.9,8542,870,onchain-orderbook
2020-06-26,0.89,8494,867,onchain-orderbook
2020-06-27,0.79,8494,869,onchain-orderbook
2020-06-28,0.79,8730,868,onchain-orderbook
2020-06-29,0.99,3665,869,onchain-orderbook
2020-06-30,0.99,3665,867,onchain-orderbook
2020-07-01,0.99,3665,865,onchain-orderbook
2020-07-02,0.99,3665,830,onchain-orderbook
2020-07-03,0.88,1403,834,onchain-orderbook
2020-07-04,0.88,1403,831,onchain-orderbook
2020-07-05,0.88,1403,829,onchain-orderbook
2020-07-06,0.88,1403,826,onchain-orderbook
2020-07-07,0.89,7254,828,onchain-orderbook
2020-07-08,0.89,7254,843,onchain-orderbook
2020-07-09,0.89,1469,841,onchain-orderbook
2020-07-10,0.89,1469,842,onchain-orderbook
2020-07-11,0.89,1469,842,onchain-orderbook
2020-07-12,0.89,1469,843,onchain-orderbook
2020-07-13,0.89,1469,842,onchain-orderbook
2020-07-14,0.89,1469,841,onchain-orderbook
2020-07-15,0.89,1469,839,onchain-orderbook
2020-07-16,0.89,1469,840,onchain-orderbook
2020-07-17,0.89,1469,838,onchain-orderbook
2020-07-18,0.89,1469,838,onchain-carried
2020-07-19,0.89,1469,837,onchain-orderbook
2020-07-20,0.89,1469,836,onchain-orderbook
2020-07-21,0.89,1469,836,onchain-orderbook
2020-07-22,0.89,1469,836,onchain-orderbook
2020-07-23,0.93,9040,834,onchain-orderbook
2020-07-24,0.89,7313,833,onchain-orderbook
2020-07-25,0.89,7313,844,onchain-orderbook
2020-07-26,0.89,7313,847,onchain-orderbook
2020-07-27,0.89,7313,847,onchain-orderbook
2020-07-28,0.89,7313,854,onchain-orderbook
2020-07-29,0.93,9040,853,onchain-orderbook
2020-07-30,0.99,3665,848,onchain-orderbook
2020-07-31,0.89,8540,844,onchain-orderbook
2020-08-01,0.89,8540,845,onchain-orderbook
2020-08-02,0.89,8540,842,onchain-orderbook
2020-08-03,0.88,8817,846,onchain-orderbook
2020-08-04,0.87,2777,846,onchain-orderbook
2020-08-05,0.79,2785,848,onchain-orderbook
2020-08-06,0.87,2777,846,onchain-orderbook
2020-08-07,0.88,8817,838,onchain-orderbook
2020-08-08,0.88,8817,843,onchain-orderbook
2020-08-09,0.88,8817,844,onchain-orderbook
2020-08-10,0.88,8817,846,onchain-orderbook
2020-08-11,0.88,8817,846,onchain-carried
2020-08-12,0.88,8817,844,onchain-orderbook
2020-08-13,0.88,8817,847,onchain-orderbook
2020-08-14,0.85,4477,837,onchain-orderbook
2020-08-15,0.85,4477,837,onchain-orderbook
2020-08-16,0.85,4477,837,onchain-orderbook
2020-08-17,0.85,4477,837,onchain-orderbook
2020-08-18,0.85,2868,840,onchain-orderbook
2020-08-19,0.85,2868,844,onchain-orderbook
2020-08-20,0.85,2868,841,onchain-orderbook
2020-08-21,0.85,2868,842,onchain-orderbook
2020-08-22,0.85,2868,838,onchain-orderbook
2020-08-23,0.87,2188,832,onchain-orderbook
2020-08-24,0.85,8379,833,onchain-orderbook
2020-08-25,0.87,2188,830,onchain-orderbook
2020-08-26,0.85,2777,836,onchain-orderbook
2020-08-27,0.85,2777,843,onchain-orderbook
2020-08-28,0.8,2777,847,onchain-orderbook
2020-08-29,0.8,2777,852,onchain-orderbook
2020-08-30,0.75,5711,852,onchain-orderbook
2020-08-31,0.76,6536,848,onchain-orderbook
2020-09-01,0.75,2194,847,onchain-orderbook
2020-09-02,0.75,2194,847,onchain-orderbook
2020-09-03,0.75,2194,846,onchain-orderbook
2020-09-04,0.75,2194,844,onchain-orderbook
2020-09-05,0.75,2194,844,onchain-carried
2020-09-06,0.88,8817,830,onchain-orderbook
2020-09-07,0.89,1238,806,onchain-orderbook
2020-09-08,0.89,1238,813,onchain-orderbook
2020-09-09,0.9,7323,804,onchain-orderbook
2020-09-10,0.94,9114,802,onchain-orderbook
2020-09-11,1.38,8984,700,onchain-orderbook
2020-09-12,1.38,8984,725,onchain-orderbook
2020-09-13,1.38,8984,745,onchain-orderbook
2020-09-14,1.94,7238,553,onchain-orderbook
2020-09-15,1.93,6605,544,onchain-orderbook
2020-09-16,1.93,6605,536,onchain-orderbook
2020-09-17,1.93,6605,533,onchain-orderbook
2020-09-18,1.95,2309,528,onchain-orderbook
2020-09-19,1.94,8730,525,onchain-orderbook
2020-09-20,2.15,7279,527,onchain-orderbook
2020-09-21,2.1,4994,543,onchain-orderbook
2020-09-22,2.1,4994,550,onchain-orderbook
2020-09-23,2.15,3473,542,onchain-orderbook
2020-09-24,2.65,8048,551,onchain-orderbook
2020-09-25,2.9,2228,548,onchain-orderbook
2020-09-26,3,2556,540,onchain-orderbook
2020-09-27,3.27,8108,552,onchain-orderbook
2020-09-28,5.79,3769,426,onchain-orderbook
2020-09-29,5.94,2875,427,onchain-orderbook
2020-09-30,5.8,4011,443,onchain-orderbook
2020-10-01,4.95,5965,462,onchain-orderbook
2020-10-02,5.5,3350,469,onchain-orderbook
2020-10-03,5.58,3369,463,onchain-orderbook
2020-10-04,5.5,1845,463,onchain-orderbook
2020-10-05,5.2,8655,471,onchain-orderbook
2020-10-06,4.71,5965,484,onchain-orderbook
2020-10-07,4.4,5965,511,onchain-orderbook
2020-10-08,4.25,8436,533,onchain-orderbook
2020-10-09,4.5,7132,536,onchain-orderbook
2020-10-10,4.5,7132,532,onchain-orderbook
2020-10-11,4.7,3350,564,onchain-orderbook
2020-10-12,5.125,3549,557,onchain-orderbook
2020-10-13,4.95,7238,564,onchain-orderbook
2020-10-14,4.95,7238,564,onchain-orderbook
2020-10-15,4.75,7540,555,onchain-orderbook
2020-10-16,4.5,7540,562,onchain-orderbook
2020-10-17,4.4,9364,588,onchain-orderbook
2020-10-18,4.4,9364,580,onchain-orderbook
2020-10-19,4.7,7317,569,onchain-orderbook
2020-10-20,4.69,7132,570,onchain-orderbook
2020-10-21,4,5252,570,onchain-orderbook
2020-10-22,3.99,7132,566,onchain-orderbook
2020-10-23,3.8,4918,575,onchain-orderbook
2020-10-24,3.69,3166,572,onchain-orderbook
2020-10-25,3.95,2860,572,onchain-orderbook
2020-10-26,3.85,2860,574,onchain-orderbook
2020-10-27,3.75,7160,573,onchain-orderbook
2020-10-28,3.75,7160,573,onchain-orderbook
2020-10-29,3.75,7160,571,onchain-orderbook
2020-10-30,3.75,7160,570,onchain-orderbook
2020-10-31,3.75,7160,571,onchain-orderbook
2020-11-01,3.69,4262,574,onchain-orderbook
2020-11-02,3.5,6412,571,onchain-orderbook
2020-11-03,3.65,2860,571,onchain-orderbook
2020-11-04,3.45,2860,571,onchain-orderbook
2020-11-05,3.45,2860,585,onchain-orderbook
2020-11-06,3.69,4262,586,onchain-orderbook
2020-11-07,3.67,7744,585,onchain-orderbook
2020-11-08,3.67,7744,584,onchain-orderbook
2020-11-09,3.67,7744,585,onchain-orderbook
2020-11-10,3.2,7744,589,onchain-orderbook
2020-11-11,3,3922,588,onchain-orderbook
2020-11-12,3,3922,587,onchain-orderbook
2020-11-13,3,3922,621,onchain-orderbook
2020-11-14,2.95,3922,608,onchain-orderbook
2020-11-15,2.95,3922,601,onchain-orderbook
2020-11-16,2.75,3922,610,onchain-orderbook
2020-11-17,2.5,3922,611,onchain-orderbook
2020-11-18,3.25,8655,607,onchain-orderbook
2020-11-19,3.25,8655,606,onchain-orderbook
2020-11-20,3.25,8655,602,onchain-orderbook
2020-11-21,3.25,8655,613,onchain-orderbook
2020-11-22,3.25,8655,617,onchain-orderbook
2020-11-23,3.25,8655,624,onchain-orderbook
2020-11-24,3.15,8490,622,onchain-orderbook
2020-11-25,3.15,8490,621,onchain-orderbook
2020-11-26,3.15,8490,634,onchain-orderbook
2020-11-27,3.15,8490,648,onchain-orderbook
2020-11-28,3.15,8490,650,onchain-orderbook
2020-11-29,3.15,8490,652,onchain-orderbook
2020-11-30,3.15,8490,658,onchain-orderbook
2020-12-01,3.15,8490,665,onchain-orderbook
2020-12-02,3.15,8490,663,onchain-orderbook
2020-12-03,3.15,8490,652,onchain-orderbook
2020-12-04,3.15,8490,641,onchain-orderbook
2020-12-05,3.25,8655,640,onchain-orderbook
2020-12-06,3.1,4915,641,onchain-orderbook
2020-12-07,3.1,4915,641,onchain-orderbook
2020-12-08,3.1,4915,649,onchain-orderbook
2020-12-09,3,3404,648,onchain-orderbook
2020-12-10,3,3404,646,onchain-orderbook
2020-12-11,2.8,1781,648,onchain-orderbook
2020-12-12,2.8,1473,646,onchain-orderbook
2020-12-13,3.1,5733,660,onchain-orderbook
2020-12-14,3.1,5733,638,onchain-orderbook
2020-12-15,3.1,4915,638,onchain-orderbook
2020-12-16,2.9,7238,641,onchain-orderbook
2020-12-17,2.9,7238,644,onchain-orderbook
2020-12-18,3.2,7268,641,onchain-orderbook
2020-12-19,3.2,7268,644,onchain-orderbook
2020-12-20,3.2,7268,647,onchain-orderbook
2020-12-21,3.1,3759,650,onchain-orderbook
2020-12-22,4,3080,624,onchain-orderbook
2020-12-23,4,4866,610,onchain-orderbook
2020-12-24,4.15,8788,603,onchain-orderbook
2020-12-25,4.4,1524,588,onchain-orderbook
2020-12-26,5.125,3549,590,onchain-orderbook
2020-12-27,5.35,9225,575,onchain-orderbook
2020-12-28,5.26,1467,582,onchain-orderbook
2020-12-29,5.29,8396,581,onchain-orderbook
2020-12-30,5.46,4157,581,onchain-orderbook
2020-12-31,5.46,4157,588,onchain-orderbook
2021-01-01,5.45,4861,583,onchain-orderbook
2021-01-02,5.35,9140,582,onchain-orderbook
2021-01-03,5.04,9720,597,onchain-orderbook
2021-01-04,4.98,5198,611,onchain-orderbook
2021-01-05,4.59,9140,626,onchain-orderbook
2021-01-06,4.99,7755,629,onchain-orderbook
2021-01-07,4.69,4998,670,onchain-orderbook
2021-01-08,4.6,5909,667,onchain-orderbook
2021-01-09,4.39,1833,671,onchain-orderbook
2021-01-10,4.5,5558,666,onchain-orderbook
2021-01-11,4.9,7718,663,onchain-orderbook
2021-01-12,4.9,8655,676,onchain-orderbook
2021-01-13,4.95,4157,682,onchain-orderbook
2021-01-14,4.6,4426,711,onchain-orderbook
2021-01-15,4.79,4327,707,onchain-orderbook
2021-01-16,4.58,5991,704,onchain-orderbook
2021-01-17,4,9117,710,onchain-orderbook
2021-01-18,4.4,9117,699,onchain-orderbook
2021-01-19,4.17,6585,714,onchain-orderbook
2021-01-20,3.98,1335,718,onchain-orderbook
2021-01-21,3.98,1458,708,onchain-orderbook
2021-01-22,3.98,1458,706,onchain-orderbook
2021-01-23,4.32,6134,646,onchain-orderbook
2021-01-24,4.32,6134,628,onchain-orderbook
2021-01-25,4.31,7003,631,onchain-orderbook
2021-01-26,4.31,7003,616,onchain-orderbook
2021-01-27,4.98,2043,594,onchain-orderbook
2021-01-28,4.85,4475,597,onchain-orderbook
2021-01-29,4.89,6276,606,onchain-orderbook
2021-01-30,4.99,7755,612,onchain-orderbook
2021-01-31,4.99,7755,617,onchain-orderbook
2021-02-01,5.1,4174,616,onchain-orderbook
2021-02-02,5.33,1378,645,onchain-orderbook
2021-02-03,5.49,7755,694,onchain-orderbook
2021-02-04,5.3,8215,720,onchain-orderbook
2021-02-05,5.12,3426,724,onchain-orderbook
2021-02-06,5.29,3693,749,onchain-orderbook
2021-02-07,5.2,1436,762,onchain-orderbook
2021-02-08,5.9,5614,758,onchain-orderbook
2021-02-09,5.9,5614,784,onchain-orderbook
2021-02-10,5.9,5614,788,onchain-orderbook
2021-02-11,6.12,3972,810,onchain-orderbook
2021-02-12,6.05,6507,815,onchain-orderbook
2021-02-13,7.2,9567,759,onchain-orderbook
2021-02-14,8.25,5090,743,onchain-orderbook
2021-02-15,8.1,3576,787,onchain-orderbook
2021-02-16,8.4,9690,775,onchain-orderbook
2021-02-17,12.88,8727,674,onchain-orderbook
2021-02-18,13.53,1397,746,onchain-orderbook
2021-02-19,12.65,2458,840,onchain-orderbook
2021-02-20,13.54,6755,798,onchain-orderbook
2021-02-21,20,3530,641,onchain-orderbook
2021-02-22,23.5,8379,630,onchain-orderbook
2021-02-23,23.4,3599,693,onchain-orderbook
2021-02-24,22,7130,719,onchain-orderbook
2021-02-25,21.5,4555,773,onchain-orderbook
2021-02-26,21,2036,803,onchain-orderbook
2021-02-27,22,5228,785,onchain-orderbook
2021-02-28,21.96,8892,831,onchain-orderbook
2021-03-01,22.5,8607,855,onchain-orderbook
2021-03-02,22.4,7317,911,onchain-orderbook
2021-03-03,21.99,4252,923,onchain-orderbook
2021-03-04,22.29,8208,918,onchain-orderbook
2021-03-05,17.75,1648,1004,onchain-orderbook
2021-03-06,17.5,2771,954,onchain-orderbook
2021-03-07,19.5,2308,981,onchain-orderbook
2021-03-08,19.5,2405,1010,onchain-orderbook
2021-03-09,16.5,4252,1023,onchain-orderbook
2021-03-10,16.99,8444,1054,onchain-orderbook
2021-03-11,21,7696,1011,onchain-orderbook
2021-03-12,21.98,4994,1030,onchain-orderbook
2021-03-13,21.97,441,1055,onchain-orderbook
2021-03-14,21,291,1134,onchain-orderbook
2021-03-15,20,6379,1107,onchain-orderbook
2021-03-16,21.95,435,1184,onchain-orderbook
2021-03-17,22.39,8798,1213,onchain-orderbook
2021-03-18,21.65,1473,1246,onchain-orderbook
2021-03-19,20.99,709,1272,onchain-orderbook
2021-03-20,21,3634,1333,onchain-orderbook
2021-03-21,20.99,2999,1326,onchain-orderbook
2021-03-22,20.5,4854,1348,onchain-orderbook
2021-03-23,20.25,5337,1363,onchain-orderbook
2021-03-24,20.2,8586,1351,onchain-orderbook
2021-03-25,19.7,8586,1360,onchain-orderbook
2021-03-26,19.25,4174,1364,onchain-orderbook
2021-03-27,18,3920,1372,onchain-orderbook
2021-03-28,16.99,6659,1395,onchain-orderbook
2021-03-29,17.75,8611,1399,onchain-orderbook
2021-03-30,17.48,3498,1415,onchain-orderbook
2021-03-31,15.9,8177,1428,onchain-orderbook
2021-04-01,15.49,5935,1405,onchain-orderbook
2021-04-02,15,8727,1395,onchain-orderbook
2021-04-03,14,2738,1393,onchain-orderbook
2021-04-04,14,2738,1405,onchain-orderbook
2021-04-05,15.5,6584,1379,onchain-orderbook
2021-04-06,15,6614,1369,onchain-orderbook
2021-04-07,15.25,6614,1374,onchain-orderbook
2021-04-08,19.69,2328,1178,onchain-orderbook
2021-04-09,19,4252,1232,onchain-orderbook
2021-04-10,19.69,5544,1253,onchain-orderbook
2021-04-11,19.75,6591,1277,onchain-orderbook
2021-04-12,20.49,2652,1293,onchain-orderbook
2021-04-13,20.25,4117,1304,onchain-orderbook
2021-04-14,20.25,4117,1347,onchain-orderbook
2021-04-15,19.49,4555,1380,onchain-orderbook
2021-04-16,19.25,2648,1403,onchain-orderbook
2021-04-17,19.9,2916,1422,onchain-orderbook
2021-04-18,19.75,4006,1419,onchain-orderbook
2021-04-19,20,9691,1420,onchain-orderbook
2021-04-20,19.47,4951,1419,onchain-orderbook
2021-04-21,19.93,6354,1441,onchain-orderbook
2021-04-22,19.4,9490,1436,onchain-orderbook
2021-04-23,19.69,2241,1431,onchain-orderbook
2021-04-24,19.99,1778,1417,onchain-orderbook
2021-04-25,20.47,5374,1416,onchain-orderbook
2021-04-26,21.47,8494,1415,onchain-orderbook
2021-04-27,21.98,3195,1419,onchain-orderbook
2021-04-28,21.49,8573,1407,onchain-orderbook
2021-04-29,20.47,3834,1438,onchain-orderbook
2021-04-30,20.6,3168,1439,onchain-orderbook
2021-05-01,20.97,3168,1457,onchain-orderbook
2021-05-02,21.49,5575,1468,onchain-orderbook
2021-05-03,20.42,8542,1331,onchain-orderbook
2021-05-04,19.5,7251,1368,onchain-orderbook
2021-05-05,20,2669,1423,onchain-orderbook
2021-05-06,19.75,8213,1452,onchain-orderbook
2021-05-07,19.75,8213,1467,onchain-orderbook
2021-05-08,19.49,7349,1493,onchain-orderbook
2021-05-09,19.15,7349,1515,onchain-orderbook
2021-05-10,18,3359,1575,onchain-orderbook
2021-05-11,16,5872,1563,onchain-orderbook
2021-05-12,13.97,8573,1571,onchain-orderbook
2021-05-13,14.5,8573,1587,onchain-orderbook
2021-05-14,15.5,6457,1599,onchain-orderbook
2021-05-15,15.5,6457,1599,onchain-orderbook
2021-05-16,15.5,6457,1606,onchain-orderbook
2021-05-17,14.69,3532,1611,onchain-orderbook
2021-05-18,14.2,8396,1619,onchain-orderbook
2021-05-19,14,1436,1616,onchain-orderbook
2021-05-20,15.25,6071,1615,onchain-orderbook
2021-05-21,14.99,5020,1612,onchain-orderbook
2021-05-22,15.2,7702,1614,onchain-orderbook
2021-05-23,14.9,3736,1624,onchain-orderbook
2021-05-24,15,6825,1604,onchain-orderbook
2021-05-25,14.8,6953,1616,onchain-orderbook
2021-05-26,15.5,6457,1600,onchain-orderbook
2021-05-27,15,9620,1632,onchain-orderbook
2021-05-28,15.3,6901,1628,onchain-orderbook
2021-05-29,15.3,6901,1638,onchain-orderbook
2021-05-30,15,5945,1640,onchain-orderbook
2021-05-31,15.2,7737,1672,onchain-orderbook
2021-06-01,14.75,5450,1683,onchain-orderbook
2021-06-02,14.8,6755,1683,onchain-orderbook
2021-06-03,14.7,7737,1684,onchain-orderbook
2021-06-04,13.97,6755,1691,onchain-orderbook
2021-06-05,13.98,9174,1694,onchain-orderbook
2021-06-06,13.95,6197,1693,onchain-orderbook
2021-06-07,13.69,6198,1694,onchain-orderbook
2021-06-08,13.75,7429,1707,onchain-orderbook
2021-06-09,13.99,2669,1711,onchain-orderbook
2021-06-10,14.5,9720,1708,onchain-orderbook
2021-06-11,15,5878,1703,onchain-orderbook
2021-06-12,15,494,1696,onchain-orderbook
2021-06-13,14.9,3421,1694,onchain-orderbook
2021-06-14,14.88,6193,1705,onchain-orderbook
2021-06-15,15.4,2635,1700,onchain-orderbook
2021-06-16,15.38,5865,1698,onchain-orderbook
2021-06-17,15.3,6643,1691,onchain-orderbook
2021-06-18,14.5,2511,1682,onchain-orderbook
2021-06-19,14.5,2511,1685,onchain-orderbook
2021-06-20,14.93,6259,1683,onchain-orderbook
2021-06-21,13.99,3421,1689,onchain-orderbook
2021-06-22,13,4929,1684,onchain-orderbook
2021-06-23,14.23,3272,1679,onchain-orderbook
2021-06-24,14.7,483,1676,onchain-orderbook
2021-06-25,14.7,483,1650,onchain-orderbook
2021-06-26,14.55,9243,1657,onchain-orderbook
2021-06-27,14.55,9243,1657,onchain-orderbook
2021-06-28,16,1436,1668,onchain-orderbook
2021-06-29,17.4,3143,1641,onchain-orderbook
2021-06-30,17.39,6257,1643,onchain-orderbook
2021-07-01,16.85,7608,1659,onchain-orderbook
2021-07-02,17.29,7556,1669,onchain-orderbook
2021-07-03,17.69,2629,1674,onchain-orderbook
2021-07-04,17.85,2511,1660,onchain-orderbook
2021-07-05,17.85,2511,1655,onchain-orderbook
2021-07-06,18,3218,1649,onchain-orderbook
2021-07-07,18,4879,1662,onchain-orderbook
2021-07-08,18,4879,1669,onchain-orderbook
2021-07-09,18.47,1369,1653,onchain-orderbook
2021-07-10,18.88,8089,1649,onchain-orderbook
2021-07-11,18.89,2405,1643,onchain-orderbook
2021-07-12,19,5751,1630,onchain-orderbook
2021-07-13,19,5751,1611,onchain-orderbook
2021-07-14,19.59,4866,1619,onchain-orderbook
2021-07-15,19.7,6561,1616,onchain-orderbook
2021-07-16,19.9,7628,1594,onchain-orderbook
2021-07-17,19.49,7281,1557,onchain-orderbook
2021-07-18,19.75,3420,1550,onchain-orderbook
2021-07-19,19.75,3420,1540,onchain-orderbook
2021-07-20,19.75,3420,1537,onchain-orderbook
2021-07-21,20.4,1413,1531,onchain-orderbook
2021-07-22,20.3,6506,1529,onchain-orderbook
2021-07-23,20.5,9747,1522,onchain-orderbook
2021-07-24,20.99,402,1522,onchain-orderbook
2021-07-25,20.99,2907,1541,onchain-orderbook
2021-07-26,21.99,8559,1503,onchain-orderbook
2021-07-27,22,3512,1504,onchain-orderbook
2021-07-28,21.9,9386,1495,onchain-orderbook
2021-07-29,22.74,5962,1493,onchain-orderbook
2021-07-30,25.92,7681,1329,onchain-orderbook
2021-07-31,29.99,6936,1128,onchain-orderbook
2021-08-01,32.75,2542,1205,onchain-orderbook
2021-08-02,33.25,4841,1302,onchain-orderbook
2021-08-03,33,8144,1314,onchain-orderbook
2021-08-04,34.49,1713,1296,onchain-orderbook
2021-08-05,44.44,8438,1234,onchain-orderbook
2021-08-06,49,5575,1289,onchain-orderbook
2021-08-07,51.84,5333,1340,onchain-orderbook
2021-08-08,45.5,1696,1377,onchain-orderbook
2021-08-09,44.8,8438,1374,onchain-orderbook
2021-08-10,48.35,2648,1400,onchain-orderbook
2021-08-11,46.68,5254,1413,onchain-orderbook
2021-08-12,46,5254,1431,onchain-orderbook
2021-08-13,43.75,5254,1436,onchain-orderbook
2021-08-14,42.5,5254,1443,onchain-orderbook
2021-08-15,41.99,5254,1435,onchain-orderbook
2021-08-16,41.5,5254,1457,onchain-orderbook
2021-08-17,42,5207,1477,onchain-orderbook
2021-08-18,44,9088,1451,onchain-orderbook
2021-08-19,48.73,9174,1417,onchain-orderbook
2021-08-20,51.99,8751,1398,onchain-orderbook
2021-08-21,52,5123,1372,onchain-orderbook
2021-08-22,53,5210,1391,onchain-orderbook
2021-08-23,67.68,2635,1152,onchain-orderbook
2021-08-24,75.5,3794,1183,onchain-orderbook
2021-08-25,78.75,6335,1199,onchain-orderbook
2021-08-26,76.47,8970,1244,onchain-orderbook
2021-08-27,92,7963,1164,onchain-orderbook
2021-08-28,137.6969,3920,1124,onchain-orderbook
2021-08-29,127.5,3576,1214,onchain-orderbook
2021-08-30,118.49,5023,1266,onchain-orderbook
2021-08-31,114.99,618,1274,onchain-orderbook
2021-09-01,94.99,3517,1304,onchain-orderbook
2021-09-02,94.99,618,1306,onchain-orderbook
2021-09-03,97.2,1417,1319,onchain-orderbook
2021-09-04,99,5972,1330,onchain-orderbook
2021-09-05,98.5,1417,1346,onchain-orderbook
2021-09-06,95.99,494,1366,onchain-orderbook
2021-09-07,88.88,1417,1374,onchain-orderbook
2021-09-08,86.5,1417,1379,onchain-orderbook
2021-09-09,87.99,1417,1389,onchain-orderbook
2021-09-10,82,8091,1415,onchain-orderbook
2021-09-11,82.99,1417,1409,onchain-orderbook
2021-09-12,81.99,1417,1398,onchain-orderbook
2021-09-13,78,8586,1406,onchain-orderbook
2021-09-14,76.99,8586,1402,onchain-orderbook
2021-09-15,83.5,1417,1387,onchain-orderbook
2021-09-16,102,3533,1323,onchain-orderbook
2021-09-17,99.99,5279,1327,onchain-orderbook
2021-09-18,99,4573,1359,onchain-orderbook
2021-09-19,97.99,4643,1356,onchain-orderbook
2021-09-20,98.5,1405,1359,onchain-orderbook
2021-09-21,97,9656,1356,onchain-orderbook
2021-09-22,96,8396,1366,onchain-orderbook
2021-09-23,101.99,8396,1341,onchain-orderbook
2021-09-24,102,3533,1326,onchain-orderbook
2021-09-25,108,5123,1317,onchain-orderbook
2021-09-26,106,4843,1317,onchain-orderbook
2021-09-27,102.5,8586,1324,onchain-orderbook
2021-09-28,107.5,423,1323,onchain-orderbook
2021-09-29,107.5,423,1315,onchain-orderbook
2021-09-30,117.69,8586,1270,onchain-orderbook
2021-10-01,124.5,2996,1229,onchain-orderbook
2021-10-02,123.45,2888,1241,onchain-orderbook
2021-10-03,121.87,8922,1247,onchain-orderbook
2021-10-04,119.25,4161,1261,onchain-orderbook
2021-10-05,118.9,5532,1269,onchain-orderbook
2021-10-06,116.5,6593,1277,onchain-orderbook
2021-10-07,114.69,5439,1289,onchain-orderbook
2021-10-08,112,7764,1287,onchain-orderbook
2021-10-09,110.95,9123,1284,onchain-orderbook
2021-10-10,110,9690,1294,onchain-orderbook
2021-10-11,103.6969,7392,1306,onchain-orderbook
2021-10-12,102,1091,1295,onchain-orderbook
2021-10-13,104.69,8814,1297,onchain-orderbook
2021-10-14,108,5611,1302,onchain-orderbook
2021-10-15,105,9217,1312,onchain-orderbook
2021-10-16,103.95,1316,1314,onchain-orderbook
2021-10-17,105,6956,1315,onchain-orderbook
2021-10-18,103,7392,1325,onchain-orderbook
2021-10-19,99,9903,1337,onchain-orderbook
2021-10-20,96,3985,1348,onchain-orderbook
2021-10-21,93.95,2023,1360,onchain-orderbook
2021-10-22,91.95,2023,1358,onchain-orderbook
2021-10-23,94.95,2023,1361,onchain-orderbook
2021-10-24,94.95,2023,1359,onchain-orderbook
2021-10-25,98.95,9903,1357,onchain-orderbook
2021-10-26,94.95,9903,1359,onchain-orderbook
2021-10-27,95.95,5183,1358,onchain-orderbook
2021-10-28,94.99,5967,1358,onchain-orderbook
2021-10-29,96.9,5967,1343,onchain-orderbook
2021-10-30,100.9,5967,1339,onchain-orderbook
2021-10-31,96.5,5967,1343,onchain-orderbook
2021-11-01,96.5,5967,1343,onchain-orderbook
2021-11-02,94.9,5967,1360,onchain-orderbook
2021-11-03,95,8814,1385,onchain-orderbook
2021-11-04,91.95,5771,1393,onchain-orderbook
2021-11-05,91.95,5771,1401,onchain-orderbook
2021-11-06,89.95,9123,1406,onchain-orderbook
2021-11-07,87,2224,1427,onchain-orderbook
2021-11-08,77.77,9815,1439,onchain-orderbook
2021-11-09,84,5385,1445,onchain-orderbook
2021-11-10,83,1482,1450,onchain-orderbook
2021-11-11,78.88,2905,1412,onchain-orderbook
2021-11-12,80,1859,1423,onchain-orderbook
2021-11-13,80,1859,1423,onchain-orderbook
2021-11-14,87,7493,1415,onchain-orderbook
2021-11-15,86,3533,1412,onchain-orderbook
2021-11-16,87.99,8054,1410,onchain-orderbook
2021-11-17,90,8110,1400,onchain-orderbook
2021-11-18,88.95,7456,1398,onchain-orderbook
2021-11-19,90,2181,1394,onchain-orderbook
2021-11-20,89,6626,1401,onchain-orderbook
2021-11-21,89.5,7897,1404,onchain-orderbook
2021-11-22,86,1855,1410,onchain-orderbook
2021-11-23,84.5,1855,1417,onchain-orderbook
2021-11-24,84.95,8604,1420,onchain-orderbook
2021-11-25,85.95,4248,1426,onchain-orderbook
2021-11-26,84.95,8604,1425,onchain-orderbook
2021-11-27,82.95,7492,1428,onchain-orderbook
2021-11-28,83.95,4248,1428,onchain-orderbook
2021-11-29,81.75,3628,1436,onchain-orderbook
2021-11-30,81.7,8645,1438,onchain-orderbook
2021-12-01,78.95,8645,1443,onchain-orderbook
2021-12-02,74,8814,1446,onchain-orderbook
2021-12-03,66,8814,1448,onchain-orderbook
2021-12-04,72.99,3453,1436,onchain-orderbook
2021-12-05,68.75,6956,1443,onchain-orderbook
2021-12-06,68.69,6956,1452,onchain-orderbook
2021-12-07,72.95,9913,1459,onchain-orderbook
2021-12-08,72.95,1362,1454,onchain-orderbook
2021-12-09,71.69,4069,1462,onchain-orderbook
2021-12-10,67.95,1480,1478,onchain-orderbook
2021-12-11,69.69,9656,1482,onchain-orderbook
2021-12-12,68,5243,1479,onchain-orderbook
2021-12-13,63,9042,1467,onchain-orderbook
2021-12-14,63.99,7693,1471,onchain-orderbook
2021-12-15,62,9103,1474,onchain-orderbook
2021-12-16,61.42069,5831,1479,onchain-orderbook
2021-12-17,61,5790,1479,onchain-orderbook
2021-12-18,60.98,7969,1482,onchain-orderbook
2021-12-19,60,7069,1480,onchain-orderbook
2021-12-20,59.95,7069,1480,onchain-orderbook
2021-12-21,55,5254,1482,onchain-orderbook
2021-12-22,53.83,4841,1474,onchain-orderbook
2021-12-23,55,1254,1467,onchain-orderbook
2021-12-24,65,6846,1408,onchain-orderbook
2021-12-25,65.45,9620,1396,onchain-orderbook
2021-12-26,68.9,9335,1401,onchain-orderbook
2021-12-27,66.95,1639,1398,onchain-orderbook
2021-12-28,65.95,1639,1392,onchain-orderbook
2021-12-29,65,197,1404,onchain-orderbook
2021-12-30,65.89,2503,1399,onchain-orderbook
2021-12-31,63.95,3113,1400,onchain-orderbook
2022-01-01,66.7,5198,1391,onchain-orderbook
2022-01-02,67.99,1194,1402,onchain-orderbook
2022-01-03,67.69,4186,1412,onchain-orderbook
2022-01-04,66.69,197,1423,onchain-orderbook
2022-01-05,63.5,2524,1419,onchain-orderbook
2022-01-06,59.95,5210,1423,onchain-orderbook
2022-01-07,60.95,4085,1425,onchain-orderbook
2022-01-08,62.95,1915,1423,onchain-orderbook
2022-01-09,60.95,441,1430,onchain-orderbook
2022-01-10,60.95,441,1427,onchain-orderbook
2022-01-11,60.69,1482,1424,onchain-orderbook
2022-01-12,59.95,441,1428,onchain-orderbook
2022-01-13,59.95,441,1425,onchain-orderbook
2022-01-14,59.95,441,1423,onchain-orderbook
2022-01-15,62.5,548,1419,onchain-orderbook
2022-01-16,62,1915,1419,onchain-orderbook
2022-01-17,61.95,6641,1415,onchain-orderbook
2022-01-18,60.49,1830,1413,onchain-orderbook
2022-01-19,61.95,6641,1408,onchain-orderbook
2022-01-20,63.95,7758,1394,onchain-orderbook
2022-01-21,64,9713,1389,onchain-orderbook
2022-01-22,67.5,5254,1397,onchain-orderbook
2022-01-23,68.86,3470,1387,onchain-orderbook
2022-01-24,66.48,548,1378,onchain-orderbook
2022-01-25,77.95,927,1313,onchain-orderbook
2022-01-26,79.5,898,1311,onchain-orderbook
2022-01-27,79.5,898,1317,onchain-orderbook
2022-01-28,84.9,1029,1304,onchain-orderbook
2022-01-29,84.49,1029,1304,onchain-orderbook
2022-01-30,81.69,9656,1311,onchain-orderbook
2022-01-31,83.95,1803,1299,onchain-orderbook
2022-02-01,82.5,1803,1326,onchain-orderbook
2022-02-02,73.95,4391,1348,onchain-orderbook
2022-02-03,68.95,5619,1351,onchain-orderbook
2022-02-04,66.95,1482,1358,onchain-orderbook
2022-02-05,69.99,9266,1358,onchain-orderbook
2022-02-06,69.95,2724,1368,onchain-orderbook
2022-02-07,69.95,2724,1341,onchain-orderbook
2022-02-08,67.45,4299,1362,onchain-orderbook
2022-02-09,66.95,8381,1362,onchain-orderbook
2022-02-10,64.99,5228,1336,onchain-orderbook
2022-02-11,66.91,8381,1339,onchain-orderbook
2022-02-12,68.45,5962,1325,onchain-orderbook
2022-02-13,72.69,1430,1314,onchain-orderbook
2022-02-14,72.94,7897,1322,onchain-orderbook
2022-02-15,70.95,1430,1324,onchain-orderbook
2022-02-16,69.45,1430,1327,onchain-orderbook
2022-02-17,67.95,1430,1331,onchain-orderbook
2022-02-18,67.69,3329,1333,onchain-orderbook
2022-02-19,67.2,4778,1338,onchain-orderbook
2022-02-20,66.9,8470,1329,onchain-orderbook
2022-02-21,66.5,4778,1340,onchain-orderbook
2022-02-22,66,7957,1348,onchain-orderbook
2022-02-23,65.5,4406,1379,onchain-orderbook
2022-02-24,63.45,1011,1382,onchain-orderbook
2022-02-25,62.95,1011,1382,onchain-orderbook
2022-02-26,62.69,1011,1383,onchain-orderbook
2022-02-27,68.5,5207,1365,onchain-orderbook
2022-02-28,68,6069,1369,onchain-orderbook
2022-03-01,68.5,5207,1382,onchain-orderbook
2022-03-02,68.9,9662,1375,onchain-orderbook
2022-03-03,68.9,9662,1379,onchain-orderbook
2022-03-04,68.9,9662,1374,onchain-orderbook
2022-03-05,68.4,9662,1377,onchain-orderbook
2022-03-06,66.95,5337,1377,onchain-orderbook
2022-03-07,65,2354,1391,onchain-orderbook
2022-03-08,64.95,9817,1384,onchain-orderbook
2022-03-09,65.95,9014,1374,onchain-orderbook
2022-03-10,66.5,1893,1372,onchain-orderbook
2022-03-11,74,5207,1289,onchain-orderbook
2022-03-12,70.4,8812,1294,onchain-orderbook
2022-03-13,69.69,3502,1318,onchain-orderbook
2022-03-14,69.5,423,1335,onchain-orderbook
2022-03-15,67,4252,1335,onchain-orderbook
2022-03-16,62.25,9662,1343,onchain-orderbook
2022-03-17,67,9014,1335,onchain-orderbook
2022-03-18,72.89,8812,1323,onchain-orderbook
2022-03-19,69.95,2522,1313,onchain-orderbook
2022-03-20,71.95,531,1327,onchain-orderbook
2022-03-21,72.5,2257,1319,onchain-orderbook
2022-03-22,72.9,6956,1319,onchain-orderbook
2022-03-23,71.95,1893,1325,onchain-orderbook
2022-03-24,72.89,3828,1324,onchain-orderbook
2022-03-25,72.69,3828,1339,onchain-orderbook
2022-03-26,70.95,6985,1347,onchain-orderbook
2022-03-27,71.95,531,1351,onchain-orderbook
2022-03-28,71,4911,1344,onchain-orderbook
2022-03-29,71,4911,1348,onchain-orderbook
2022-03-30,69.69,3997,1366,onchain-orderbook
2022-03-31,68.89,7672,1377,onchain-orderbook
2022-04-01,67.5,9768,1385,onchain-orderbook
2022-04-02,68,3030,1384,onchain-orderbook
2022-04-03,68.5,4554,1386,onchain-orderbook
2022-04-04,68.4,1275,1385,onchain-orderbook
2022-04-05,67.8,2821,1391,onchain-orderbook
2022-04-06,66.68,6371,1393,onchain-orderbook
2022-04-07,66.66,2821,1388,onchain-orderbook
2022-04-08,66.01,5834,1383,onchain-orderbook
2022-04-09,66.01,5834,1385,onchain-orderbook
2022-04-10,65.4,2996,1382,onchain-orderbook
2022-04-11,64.95,2996,1380,onchain-orderbook
2022-04-12,59.95,1917,1393,onchain-orderbook
2022-04-13,62,2119,1383,onchain-orderbook
2022-04-14,63.95,5291,1373,onchain-orderbook
2022-04-15,63.95,5291,1367,onchain-orderbook
2022-04-16,63.69,5291,1369,onchain-orderbook
2022-04-17,63.69,5291,1375,onchain-orderbook
2022-04-18,61.99,7044,1376,onchain-orderbook
2022-04-19,62,4069,1390,onchain-orderbook
2022-04-20,58.5,1535,1384,onchain-orderbook
2022-04-21,56.95,4146,1387,onchain-orderbook
2022-04-22,59,9370,1375,onchain-orderbook
2022-04-23,60,4563,1371,onchain-orderbook
2022-04-24,61.95,5291,1366,onchain-orderbook
2022-04-25,61.99,2462,1362,onchain-orderbook
2022-04-26,61.95,5291,1365,onchain-orderbook
2022-04-27,61.95,5291,1343,onchain-orderbook
2022-04-28,61.94,3836,1339,onchain-orderbook
2022-04-29,61.5,3935,1336,onchain-orderbook
2022-04-30,60.95,5152,1337,onchain-orderbook
2022-05-01,60.95,5152,1344,onchain-orderbook
2022-05-02,60.95,5152,1340,onchain-orderbook
2022-05-03,61,3512,1342,onchain-orderbook
2022-05-04,61.49,3935,1340,onchain-orderbook
2022-05-05,60.95,3935,1341,onchain-orderbook
2022-05-06,58.95,3935,1340,onchain-orderbook
2022-05-07,55.97,4781,1346,onchain-orderbook
2022-05-08,56.66,1189,1352,onchain-orderbook
2022-05-09,52.95,3935,1347,onchain-orderbook
2022-05-10,52.95,3935,1359,onchain-orderbook
2022-05-11,51.95,3935,1361,onchain-orderbook
2022-05-12,49.95,3935,1358,onchain-orderbook
2022-05-13,48.85,488,1361,onchain-orderbook
2022-05-14,48.85,488,1351,onchain-orderbook
2022-05-15,53.8,3149,1341,onchain-orderbook
2022-05-16,53.9,9846,1345,onchain-orderbook
2022-05-17,51.51,3627,1344,onchain-orderbook
2022-05-18,52,6776,1341,onchain-orderbook
2022-05-19,51.9,9846,1341,onchain-orderbook
2022-05-20,50.95,9846,1338,onchain-orderbook
2022-05-21,50.9,3627,1340,onchain-orderbook
2022-05-22,50.8,9846,1338,onchain-orderbook
2022-05-23,48.95,8454,1335,onchain-orderbook
2022-05-24,47.6,8454,1338,onchain-orderbook
2022-05-25,45.69,749,1351,onchain-orderbook
2022-05-26,45.99,2040,1347,onchain-orderbook
2022-05-27,46.5,9765,1346,onchain-orderbook
2022-05-28,45.95,9765,1348,onchain-orderbook
2022-05-29,45.89,9765,1354,onchain-orderbook
2022-05-30,47.65,7056,1345,onchain-orderbook
2022-05-31,47.69,1299,1343,onchain-orderbook
2022-06-01,48.94,7313,1341,onchain-orderbook
2022-06-02,48.9,7313,1340,onchain-orderbook
2022-06-03,48.9,7056,1338,onchain-orderbook
2022-06-04,48.9,7056,1334,onchain-orderbook
2022-06-05,47.95,7056,1339,onchain-orderbook
2022-06-06,47.95,7056,1344,onchain-orderbook
2022-06-07,47.95,7056,1343,onchain-orderbook
2022-06-08,45.99,8600,1342,onchain-orderbook
2022-06-09,47.45,7056,1335,onchain-orderbook
2022-06-10,48.4,7056,1331,onchain-orderbook
2022-06-11,48.39,5252,1327,onchain-orderbook
2022-06-12,48.24,5252,1324,onchain-orderbook
2022-06-13,46.95,9259,1319,onchain-orderbook
2022-06-14,47.99,1299,1291,onchain-orderbook
2022-06-15,48.8,7056,1275,onchain-orderbook
2022-06-16,48.9,4117,1272,onchain-orderbook
2022-06-17,49.45,4117,1263,onchain-orderbook
2022-06-18,61.55,4073,1189,onchain-orderbook
2022-06-19,66.65,2787,1133,onchain-orderbook
2022-06-20,68.5,3964,1141,onchain-orderbook
2022-06-21,67.45,3890,1135,onchain-orderbook
2022-06-22,65,4815,1139,onchain-orderbook
2022-06-23,62.95,3964,1145,onchain-orderbook
2022-06-24,63.95,3964,1143,onchain-orderbook
2022-06-25,65.95,8454,1140,onchain-orderbook
2022-06-26,67.58,9021,1131,onchain-orderbook
2022-06-27,66.95,3964,1139,onchain-orderbook
2022-06-28,66.45,3964,1144,onchain-orderbook
2022-06-29,65.95,3964,1148,onchain-orderbook
2022-06-30,65.95,3964,1153,onchain-orderbook
2022-07-01,65.95,3964,1152,onchain-orderbook
2022-07-02,66.49,3149,1149,onchain-orderbook
2022-07-03,67,8168,1147,onchain-orderbook
2022-07-04,66.95,3149,1150,onchain-orderbook
2022-07-05,66.95,3149,1148,onchain-orderbook
2022-07-06,66.95,3149,1148,onchain-orderbook
2022-07-07,67.45,3149,1150,onchain-orderbook
2022-07-08,71.95,4742,1135,onchain-orderbook
2022-07-09,74.65,4742,1115,onchain-orderbook
2022-07-10,77.69,5432,1105,onchain-orderbook
2022-07-11,75.95,3329,1116,onchain-orderbook
2022-07-12,76.8,3329,1091,onchain-orderbook
2022-07-13,77.95,3329,1101,onchain-orderbook
2022-07-14,77.93,3529,1093,onchain-orderbook
2022-07-15,78.95,6221,1106,onchain-orderbook
2022-07-16,83.4,5060,1098,onchain-orderbook
2022-07-17,83.72,9606,1095,onchain-orderbook
2022-07-18,83.55,3798,1121,onchain-orderbook
2022-07-19,82.49,3529,1132,onchain-orderbook
2022-07-20,82.49,3529,1140,onchain-orderbook
2022-07-21,79.45,6221,1151,onchain-orderbook
2022-07-22,79.4,4430,1154,onchain-orderbook
2022-07-23,78.95,6221,1151,onchain-orderbook
2022-07-24,78.4,7789,1150,onchain-orderbook
2022-07-25,76.8,9396,1153,onchain-orderbook
2022-07-26,73.5,4430,1150,onchain-orderbook
2022-07-27,71.95,3334,1148,onchain-orderbook
2022-07-28,70.69,4430,1155,onchain-orderbook
2022-07-29,68.95,3334,1158,onchain-orderbook
2022-07-30,68.4,3334,1160,onchain-orderbook
2022-07-31,68,5060,1156,onchain-orderbook
2022-08-01,73.95,3334,1154,onchain-orderbook
2022-08-02,74.69,3149,1160,onchain-orderbook
2022-08-03,77.55,5614,1157,onchain-orderbook
2022-08-04,75.95,5614,1166,onchain-orderbook
2022-08-05,74.69,6221,1173,onchain-orderbook
2022-08-06,74.5,5060,1170,onchain-orderbook
2022-08-07,74.5,5060,1171,onchain-orderbook
2022-08-08,74.5,5060,1175,onchain-orderbook
2022-08-09,73.95,6584,1174,onchain-orderbook
2022-08-10,74.68,6481,1164,onchain-orderbook
2022-08-11,74.68,6481,1158,onchain-orderbook
2022-08-12,71.95,3149,1150,onchain-orderbook
2022-08-13,69.95,3149,1146,onchain-orderbook
2022-08-14,69.95,3149,1150,onchain-orderbook
2022-08-15,69.95,3149,1149,onchain-orderbook
2022-08-16,68.5,3149,1150,onchain-orderbook
2022-08-17,68.69,3149,1149,onchain-orderbook
2022-08-18,67.45,3149,1148,onchain-orderbook
2022-08-19,65.5,3149,1152,onchain-orderbook
2022-08-20,67.95,6584,1147,onchain-orderbook
2022-08-21,66.45,6584,1151,onchain-orderbook
2022-08-22,66.45,5773,1156,onchain-orderbook
2022-08-23,65.95,2595,1153,onchain-orderbook
2022-08-24,67.45,2595,1145,onchain-orderbook
2022-08-25,67.49,7938,1142,onchain-orderbook
2022-08-26,67.49,7938,1140,onchain-orderbook
2022-08-27,67.49,7938,1140,onchain-orderbook
2022-08-28,67.45,4091,1140,onchain-orderbook
2022-08-29,67.45,4889,1138,onchain-orderbook
2022-08-30,67.45,9851,1134,onchain-orderbook
2022-08-31,66.95,6584,1137,onchain-orderbook
2022-09-01,66.45,6584,1140,onchain-orderbook
2022-09-02,65.95,6584,1138,onchain-orderbook
2022-09-03,65,6588,1133,onchain-orderbook
2022-09-04,64.95,6584,1136,onchain-orderbook
2022-09-05,64.95,5773,1133,onchain-orderbook
2022-09-06,62.95,6584,1140,onchain-orderbook
2022-09-07,64.94,6584,1137,onchain-orderbook
2022-09-08,62,7506,1136,onchain-orderbook
2022-09-09,61.95,3269,1136,onchain-orderbook
2022-09-10,61.95,3269,1134,onchain-orderbook
2022-09-11,61.95,8855,1120,onchain-orderbook
2022-09-12,61.95,8855,1119,onchain-orderbook
2022-09-13,63.95,3269,1107,onchain-orderbook
2022-09-14,65.99,2675,1065,onchain-orderbook
2022-09-15,65.95,5843,997,onchain-orderbook
2022-09-16,63,7506,1014,onchain-orderbook
2022-09-17,63,6273,1018,onchain-orderbook
2022-09-18,62.95,5843,1029,onchain-orderbook
2022-09-19,64.95,2934,1049,onchain-orderbook
2022-09-20,63.95,7506,1049,onchain-orderbook
2022-09-21,63.95,7506,1048,onchain-orderbook
2022-09-22,63.95,7506,1049,onchain-orderbook
2022-09-23,63.9,3269,1054,onchain-orderbook
2022-09-24,63.95,7506,1048,onchain-orderbook
2022-09-25,63.95,7506,1046,onchain-orderbook
2022-09-26,64.9,3269,1049,onchain-orderbook
2022-09-27,65.89,7506,1045,onchain-orderbook
2022-09-28,67.69,7709,1041,onchain-orderbook
2022-09-29,64.95,7506,1050,onchain-orderbook
2022-09-30,62.95,7506,1053,onchain-orderbook
2022-10-01,63,1403,1050,onchain-orderbook
2022-10-02,63,1403,1053,onchain-orderbook
2022-10-03,65.95,8444,1057,onchain-orderbook
2022-10-04,66.69,1403,1064,onchain-orderbook
2022-10-05,66.21,1617,1066,onchain-orderbook
2022-10-06,66.69,4704,1070,onchain-orderbook
2022-10-07,65.94,2595,1069,onchain-orderbook
2022-10-08,66.45,1403,1070,onchain-orderbook
2022-10-09,66.6,9691,1066,onchain-orderbook
2022-10-10,66.6,9691,1068,onchain-orderbook
2022-10-11,66.58,1581,1072,onchain-orderbook
2022-10-12,66.49,6481,1074,onchain-orderbook
2022-10-13,66.49,2941,1077,onchain-orderbook
2022-10-14,65.99,3911,1081,onchain-orderbook
2022-10-15,65.95,1581,1082,onchain-orderbook
2022-10-16,65,3911,1080,onchain-orderbook
2022-10-17,66.58,6998,1087,onchain-orderbook
2022-10-18,66.58,6998,1087,onchain-orderbook
2022-10-19,65.5,9691,1084,onchain-orderbook
2022-10-20,66.59,2486,1090,onchain-orderbook
2022-10-21,66.59,2486,1096,onchain-orderbook
2022-10-22,66.98,7212,1095,onchain-orderbook
2022-10-23,66.95,1512,1094,onchain-orderbook
2022-10-24,65,7495,1096,onchain-orderbook
2022-10-25,66.89,7495,1094,onchain-orderbook
2022-10-26,65.95,5637,1101,onchain-orderbook
2022-10-27,64.5,2462,1094,onchain-orderbook
2022-10-28,66.69,6755,1092,onchain-orderbook
2022-10-29,65.99,6606,1098,onchain-orderbook
2022-10-30,65.1,4117,1098,onchain-orderbook
2022-10-31,66.66,4117,1092,onchain-orderbook
2022-11-01,66.79,8656,1088,onchain-orderbook
2022-11-02,66.79,8656,1089,onchain-orderbook
2022-11-03,66.81,1512,1090,onchain-orderbook
2022-11-04,66.3,5637,1092,onchain-orderbook
2022-11-05,65.69,1617,1098,onchain-orderbook
2022-11-06,64.95,8656,1099,onchain-orderbook
2022-11-07,64.65,8656,1097,onchain-orderbook
2022-11-08,64.5,1617,1087,onchain-orderbook
2022-11-09,62.62,4930,1076,onchain-orderbook
2022-11-10,66.75,9748,1081,onchain-orderbook
2022-11-11,66.5,8249,1080,onchain-orderbook
2022-11-12,64.95,4700,1086,onchain-orderbook
2022-11-13,64.95,4700,1090,onchain-orderbook
2022-11-14,64.49,9519,1087,onchain-orderbook
2022-11-15,66.5,8249,1081,onchain-orderbook
2022-11-16,66.5,8249,1080,onchain-orderbook
2022-11-17,66.77,5701,1079,onchain-orderbook
2022-11-18,66.5,1306,1078,onchain-orderbook
2022-11-19,65.95,1306,1079,onchain-orderbook
2022-11-20,64,7647,1078,onchain-orderbook
2022-11-21,61.99,7212,1089,onchain-orderbook
2022-11-22,63.45,1306,1095,onchain-orderbook
2022-11-23,65.95,6481,1088,onchain-orderbook
2022-11-24,66.19,4560,1084,onchain-orderbook
2022-11-25,66.19,8542,1080,onchain-orderbook
2022-11-26,66,8238,1076,onchain-orderbook
2022-11-27,65.95,2787,1077,onchain-orderbook
2022-11-28,65.98,4329,1076,onchain-orderbook
2022-11-29,65.94,1512,1069,onchain-orderbook
2022-11-30,65.49,2941,1075,onchain-orderbook
2022-12-01,65.49,2941,1075,onchain-orderbook
2022-12-02,65.46,7647,1078,onchain-orderbook
2022-12-03,65.66,749,1082,onchain-orderbook
2022-12-04,65.3,9691,1078,onchain-orderbook
2022-12-05,65.3,9691,1081,onchain-orderbook
2022-12-06,63.95,6481,1092,onchain-orderbook
2022-12-07,63.95,6481,1093,onchain-orderbook
2022-12-08,62.95,4322,1089,onchain-orderbook
2022-12-09,64.95,5766,1087,onchain-orderbook
2022-12-10,64.9,9691,1081,onchain-orderbook
2022-12-11,64.8,9691,1082,onchain-orderbook
2022-12-12,64.5,1527,1084,onchain-orderbook
2022-12-13,64.5,1527,1082,onchain-orderbook
2022-12-14,64.5,1527,1082,onchain-orderbook
2022-12-15,63.69,749,1081,onchain-orderbook
2022-12-16,63.69,749,1082,onchain-orderbook
2022-12-17,63.69,749,1080,onchain-orderbook
2022-12-18,63.69,749,1082,onchain-orderbook
2022-12-19,63.68,1618,1092,onchain-orderbook
2022-12-20,63.67,749,1093,onchain-orderbook
2022-12-21,62.5,1527,1086,onchain-orderbook
2022-12-22,62.3,1527,1089,onchain-orderbook
2022-12-23,62.72,1527,1083,onchain-orderbook
2022-12-24,62.72,1527,1077,onchain-orderbook
2022-12-25,63.95,1618,1078,onchain-orderbook
2022-12-26,62.1,1527,1079,onchain-orderbook
2022-12-27,62.99,1096,1079,onchain-orderbook
2022-12-28,64.95,4721,1074,onchain-orderbook
2022-12-29,65.46,6481,1071,onchain-orderbook
2022-12-30,65.44,9691,1068,onchain-orderbook
2022-12-31,65.47,4721,1068,onchain-orderbook
2023-01-01,65.47,4721,1069,onchain-orderbook
2023-01-02,65.44,9691,1068,onchain-orderbook
2023-01-03,65.44,9691,1065,onchain-orderbook
2023-01-04,65.8,9691,1060,onchain-orderbook
2023-01-05,66.29,6359,1055,onchain-orderbook
2023-01-06,66.69,6481,1053,onchain-orderbook
2023-01-07,66.88,6383,1060,onchain-orderbook
2023-01-08,66.75,7130,1061,onchain-orderbook
2023-01-09,66.79,6481,1071,onchain-orderbook
2023-01-10,66.79,6481,1069,onchain-orderbook
2023-01-11,66.78,6383,1077,onchain-orderbook
2023-01-12,66.5,9691,1071,onchain-orderbook
2023-01-13,66.19,5348,1071,onchain-orderbook
2023-01-14,66.19,5348,1074,onchain-orderbook
2023-01-15,66.9,6572,1063,onchain-orderbook
2023-01-16,67.48,6572,1070,onchain-orderbook
2023-01-17,66.93,6383,1070,onchain-orderbook
2023-01-18,66.94,5348,1063,onchain-orderbook
2023-01-19,67.42,4704,1055,onchain-orderbook
2023-01-20,66.98,4704,1058,onchain-orderbook
2023-01-21,66.69,5766,1069,onchain-orderbook
2023-01-22,66.49,5348,1058,onchain-orderbook
2023-01-23,64.99,5919,1055,onchain-orderbook
2023-01-24,64.19,5919,1039,onchain-orderbook
2023-01-25,65.93,5919,1037,onchain-orderbook
2023-01-26,65.91,1143,1037,onchain-orderbook
2023-01-27,66.27,1189,1038,onchain-orderbook
2023-01-28,66.27,1189,1040,onchain-orderbook
2023-01-29,66.2,4704,1040,onchain-orderbook
2023-01-30,66.28,6383,1035,onchain-orderbook
2023-01-31,64.99,4841,1051,onchain-orderbook
2023-02-01,65.88,431,1043,onchain-orderbook
2023-02-02,63.99,4841,1050,onchain-orderbook
2023-02-03,64.69,4841,1051,onchain-orderbook
2023-02-04,64.69,4841,1059,onchain-orderbook
2023-02-05,63.98,6383,1063,onchain-orderbook
2023-02-06,63.95,3796,1067,onchain-orderbook
2023-02-07,63.95,5060,1069,onchain-orderbook
2023-02-08,63.95,5060,1069,onchain-orderbook
2023-02-09,63.49,5060,1071,onchain-orderbook
2023-02-10,63.29,5060,1064,onchain-orderbook
2023-02-11,61.98,5637,1065,onchain-orderbook
2023-02-12,61.89,5060,1062,onchain-orderbook
2023-02-13,61.88,5637,1049,onchain-orderbook
2023-02-14,63.68,5060,1049,onchain-orderbook
2023-02-15,63.97,5919,1049,onchain-orderbook
2023-02-16,63.99,6383,1048,onchain-orderbook
2023-02-17,63.99,6383,1049,onchain-orderbook
2023-02-18,63.99,6383,1047,onchain-orderbook
2023-02-19,63.99,6383,1044,onchain-orderbook
2023-02-20,63.99,6383,1046,onchain-orderbook
2023-02-21,63.98,6572,1041,onchain-orderbook
2023-02-22,63.95,6732,1040,onchain-orderbook
2023-02-23,63.95,6732,1044,onchain-orderbook
2023-02-24,63.95,6732,1044,onchain-orderbook
2023-02-25,63.95,6732,1044,onchain-orderbook
2023-02-26,63.95,6732,1041,onchain-orderbook
2023-02-27,63.95,6732,1047,onchain-orderbook
2023-02-28,63.95,6732,1050,onchain-orderbook
2023-03-01,63.95,6732,1048,onchain-orderbook
2023-03-02,63.5,2431,1055,onchain-orderbook
2023-03-03,63.49,6732,1059,onchain-orderbook
2023-03-04,63.5,2431,1055,onchain-orderbook
2023-03-05,64.95,7941,1042,onchain-orderbook
2023-03-06,66.99,4739,1025,onchain-orderbook
2023-03-07,67.45,2372,1024,onchain-orderbook
2023-03-08,65.87,1917,1028,onchain-orderbook
2023-03-09,65.86,2996,1031,onchain-orderbook
2023-03-10,65.49,5196,1024,onchain-orderbook
2023-03-11,65.49,5196,1007,onchain-orderbook
2023-03-12,67,2040,1002,onchain-orderbook
2023-03-13,66.69,1849,1004,onchain-orderbook
2023-03-14,67,5461,1004,onchain-orderbook
2023-03-15,67.25,5222,1007,onchain-orderbook
2023-03-16,67.99,9575,1009,onchain-orderbook
2023-03-17,70.4,3960,985,onchain-orderbook
2023-03-18,74.47,7837,979,onchain-orderbook
2023-03-19,74.7,9001,980,onchain-orderbook
2023-03-20,65.99,1715,988,onchain-orderbook
2023-03-21,62.69,5196,988,onchain-orderbook
2023-03-22,63.95,5455,990,onchain-orderbook
2023-03-23,61.99,5831,1001,onchain-orderbook
2023-03-24,59.1,5333,997,onchain-orderbook
2023-03-25,58.99,9575,995,onchain-orderbook
2023-03-26,60.95,5196,998,onchain-orderbook
2023-03-27,62.99,7003,997,onchain-orderbook
2023-03-28,65.55,5917,993,onchain-orderbook
2023-03-29,65.55,5917,994,onchain-orderbook
2023-03-30,64.99,3446,1000,onchain-orderbook
2023-03-31,64.5,8924,1007,onchain-orderbook
2023-04-01,64.5,7711,1012,onchain-orderbook
2023-04-02,59.98,2372,1019,onchain-orderbook
2023-04-03,59.98,3433,1019,onchain-orderbook
2023-04-04,61.97,9550,1020,onchain-orderbook
2023-04-05,59,8924,1039,onchain-orderbook
2023-04-06,59.99,3486,1043,onchain-orderbook
2023-04-07,57.98,2153,1048,onchain-orderbook
2023-04-08,57.6,4329,1050,onchain-orderbook
2023-04-09,57.99,3446,1054,onchain-orderbook
2023-04-10,57.99,3446,1051,onchain-orderbook
2023-04-11,57.99,3446,1070,onchain-orderbook
2023-04-12,57.99,3446,1076,onchain-orderbook
2023-04-13,55.99,3486,1086,onchain-orderbook
2023-04-14,55.5,9174,1081,onchain-orderbook
2023-04-15,55.4,9662,1084,onchain-orderbook
2023-04-16,52.99,9050,1088,onchain-orderbook
2023-04-17,53.2,3735,1086,onchain-orderbook
2023-04-18,52.5,4434,1086,onchain-orderbook
2023-04-19,51,9475,1085,onchain-orderbook
2023-04-20,50.01,9475,1084,onchain-orderbook
2023-04-21,46.3,4449,1075,onchain-orderbook
2023-04-22,51.49,4434,1065,onchain-orderbook
2023-04-23,49.99,376,1064,onchain-orderbook
2023-04-24,49.99,376,1065,onchain-orderbook
2023-04-25,49.99,376,1064,onchain-orderbook
2023-04-26,52.95,1873,1066,onchain-orderbook
2023-04-27,53.96,7718,1064,onchain-orderbook
2023-04-28,53.5,2233,1069,onchain-orderbook
2023-04-29,53.5,2233,1068,onchain-orderbook
2023-04-30,53.5,2233,1068,onchain-orderbook
2023-05-01,54.99,9981,1061,onchain-orderbook
2023-05-02,55,4797,1065,onchain-orderbook
2023-05-03,54.99,5041,1063,onchain-orderbook
2023-05-04,55,1693,1059,onchain-orderbook
2023-05-05,53.99,5166,1058,onchain-orderbook
2023-05-06,53.99,5166,1062,onchain-orderbook
2023-05-07,53.99,5166,1060,onchain-orderbook
2023-05-08,53.99,5166,1060,onchain-orderbook
2023-05-09,49.99,2409,1063,onchain-orderbook
2023-05-10,49.49,8043,1064,onchain-orderbook
2023-05-11,49.49,8043,1067,onchain-orderbook
2023-05-12,49.49,7702,1067,onchain-orderbook
2023-05-13,49.49,4841,1066,onchain-orderbook
2023-05-14,49.49,4841,1063,onchain-orderbook
2023-05-15,49.49,4841,1069,onchain-orderbook
2023-05-16,49.49,4841,1070,onchain-orderbook
2023-05-17,49.48,6263,1069,onchain-orderbook
2023-05-18,49.48,6263,1069,onchain-orderbook
2023-05-19,49.48,6263,1069,onchain-orderbook
2023-05-20,49.48,6263,1072,onchain-orderbook
2023-05-21,49.48,6263,1070,onchain-orderbook
2023-05-22,48.99,2037,1070,onchain-orderbook
2023-05-23,49.48,6263,1073,onchain-orderbook
2023-05-24,49.9,2905,1074,onchain-orderbook
2023-05-25,50.99,3913,1072,onchain-orderbook
2023-05-26,50.99,3913,1067,onchain-orderbook
2023-05-27,54.49,8611,1065,onchain-orderbook
2023-05-28,54.49,8611,1069,onchain-orderbook
2023-05-29,50.99,7354,1073,onchain-orderbook
2023-05-30,50.99,7354,1075,onchain-orderbook
2023-05-31,50.69,7354,1073,onchain-orderbook
2023-06-01,50.69,7354,1074,onchain-orderbook
2023-06-02,52.95,8611,1067,onchain-orderbook
2023-06-03,52.95,8611,1068,onchain-orderbook
2023-06-04,52.99,9714,1066,onchain-orderbook
2023-06-05,52.95,4775,1065,onchain-orderbook
2023-06-06,51.99,7354,1076,onchain-orderbook
2023-06-07,50.99,9714,1078,onchain-orderbook
2023-06-08,50.99,7354,1080,onchain-orderbook
2023-06-09,50.99,7354,1082,onchain-orderbook
2023-06-10,51.99,6712,1076,onchain-orderbook
2023-06-11,51.99,6712,1076,onchain-orderbook
2023-06-12,51.95,2309,1074,onchain-orderbook
2023-06-13,51.95,2309,1077,onchain-orderbook
2023-06-14,50.95,4775,1080,onchain-orderbook
2023-06-15,50.95,4775,1080,onchain-orderbook
2023-06-16,50.99,2942,1077,onchain-orderbook
2023-06-17,50.99,2942,1073,onchain-orderbook
2023-06-18,50.99,2942,1072,onchain-orderbook
2023-06-19,50.99,2942,1078,onchain-orderbook
2023-06-20,50.99,2942,1075,onchain-orderbook
2023-06-21,50.99,2942,1077,onchain-orderbook
2023-06-22,48.99,3997,1077,onchain-orderbook
2023-06-23,50,3947,1076,onchain-orderbook
2023-06-24,50,9127,1073,onchain-orderbook
2023-06-25,49.8,3042,1074,onchain-orderbook
2023-06-26,49.65,3947,1077,onchain-orderbook
2023-06-27,48,9383,1075,onchain-orderbook
2023-06-28,47,3042,1074,onchain-orderbook
2023-06-29,45.5,3984,1072,onchain-orderbook
2023-06-30,45.5,3984,1070,onchain-orderbook
2023-07-01,46,3042,1069,onchain-orderbook
2023-07-02,44.75,6496,1072,onchain-orderbook
2023-07-03,41,3042,1074,onchain-orderbook
2023-07-04,42.99,2837,1072,onchain-orderbook
2023-07-05,44.88,5728,1071,onchain-orderbook
2023-07-06,44.88,5728,1067,onchain-orderbook
2023-07-07,45.5,2638,1065,onchain-orderbook
2023-07-08,47.49,3118,1063,onchain-orderbook
2023-07-09,47.49,3118,1060,onchain-orderbook
2023-07-10,48.39,2837,1063,onchain-orderbook
2023-07-11,50.44,4201,1056,onchain-orderbook
2023-07-12,50.45,3235,1060,onchain-orderbook
2023-07-13,50.44,2791,1055,onchain-orderbook
2023-07-14,50,3616,1070,onchain-orderbook
2023-07-15,49.92,3947,1066,onchain-orderbook
2023-07-16,49.89,1873,1066,onchain-orderbook
2023-07-17,49.89,5433,1065,onchain-orderbook
2023-07-18,49.89,5433,1066,onchain-orderbook
2023-07-19,49.88,4453,1073,onchain-orderbook
2023-07-20,49.86,4775,1070,onchain-orderbook
2023-07-21,49.86,4775,1067,onchain-orderbook
2023-07-22,49.5,9259,1064,onchain-orderbook
2023-07-23,49.49,5064,1068,onchain-orderbook
2023-07-24,49.48,6281,1066,onchain-orderbook
2023-07-25,47.69,8240,1069,onchain-orderbook
2023-07-26,47.69,8240,1077,onchain-orderbook
2023-07-27,47.69,8240,1077,onchain-orderbook
2023-07-28,47.69,8240,1078,onchain-orderbook
2023-07-29,47.19,5682,1083,onchain-orderbook
2023-07-30,47.94,5682,1086,onchain-orderbook
2023-07-31,47.94,5682,1083,onchain-orderbook
2023-08-01,46.95,2100,1088,onchain-orderbook
2023-08-02,47.94,5682,1088,onchain-orderbook
2023-08-03,47.94,5682,1092,onchain-orderbook
2023-08-04,47.06,5682,1092,onchain-orderbook
2023-08-05,46.93,5682,1091,onchain-orderbook
2023-08-06,49.79,7974,1092,onchain-orderbook
2023-08-07,47.5,2100,1096,onchain-orderbook
2023-08-08,47.27,6186,1097,onchain-orderbook
2023-08-09,47.48,6186,1095,onchain-orderbook
2023-08-10,47.33,6186,1093,onchain-orderbook
2023-08-11,48.99,6655,1090,onchain-orderbook
2023-08-12,48.99,6548,1092,onchain-orderbook
2023-08-13,48.99,5433,1091,onchain-orderbook
2023-08-14,48.99,5433,1090,onchain-orderbook
2023-08-15,48.99,5433,1093,onchain-orderbook
2023-08-16,48.99,5433,1093,onchain-orderbook
2023-08-17,47.89,3997,1095,onchain-orderbook
2023-08-18,47.89,3997,1094,onchain-orderbook
2023-08-19,47.88,5433,1094,onchain-orderbook
2023-08-20,47.87,4721,1095,onchain-orderbook
2023-08-21,47.39,5433,1095,onchain-orderbook
2023-08-22,47.19,5433,1096,onchain-orderbook
2023-08-23,46.88,3997,1100,onchain-orderbook
2023-08-24,46.5,8396,1101,onchain-orderbook
2023-08-25,46.25,3997,1096,onchain-orderbook
2023-08-26,47.6,5931,1090,onchain-orderbook
2023-08-27,47.6,5931,1090,onchain-orderbook
2023-08-28,47.6,5931,1086,onchain-orderbook
2023-08-29,48.95,8830,1085,onchain-orderbook
2023-08-30,48.45,4453,1084,onchain-orderbook
2023-08-31,48.2,2808,1083,onchain-orderbook
2023-09-01,48,3607,1082,onchain-orderbook
2023-09-02,48,3607,1082,onchain-orderbook
2023-09-03,47.99,8830,1082,onchain-orderbook
2023-09-04,47.99,8830,1081,onchain-orderbook
2023-09-05,47.99,7811,1079,onchain-orderbook
2023-09-06,47.99,7811,1077,onchain-orderbook
2023-09-07,46.99,8830,1076,onchain-orderbook
2023-09-08,46.99,8830,1075,onchain-orderbook
2023-09-09,46.99,7341,1079,onchain-orderbook
2023-09-10,46.69,8830,1077,onchain-orderbook
2023-09-11,46.99,8830,1079,onchain-orderbook
2023-09-12,46.99,7811,1077,onchain-orderbook
2023-09-13,46.99,111,1077,onchain-orderbook
2023-09-14,47,8396,1080,onchain-orderbook
2023-09-15,46.99,5728,1080,onchain-orderbook
2023-09-16,47,8396,1084,onchain-orderbook
2023-09-17,47,8396,1083,onchain-orderbook
2023-09-18,44.99,4105,1088,onchain-orderbook
2023-09-19,44.99,4105,1085,onchain-orderbook
2023-09-20,46,5931,1083,onchain-orderbook
2023-09-21,46.489,2808,1080,onchain-orderbook
2023-09-22,46.489,2808,1083,onchain-orderbook
2023-09-23,45.5,9475,1089,onchain-orderbook
2023-09-24,45.46,4118,1089,onchain-orderbook
2023-09-25,45.46,4118,1086,onchain-orderbook
2023-09-26,45.5,9475,1080,onchain-orderbook
2023-09-27,45.49,1139,1082,onchain-orderbook
2023-09-28,45.49,1139,1078,onchain-orderbook
2023-09-29,45.5,9475,1072,onchain-orderbook
2023-09-30,46,8538,1076,onchain-orderbook
2023-10-01,45.5,8538,1071,onchain-orderbook
2023-10-02,44.5,1461,1073,onchain-orderbook
2023-10-03,44.39,6088,1073,onchain-orderbook
2023-10-04,43.79,5674,1070,onchain-orderbook
2023-10-05,42.9,1672,1066,onchain-orderbook
2023-10-06,43,2837,1066,onchain-orderbook
2023-10-07,45,3798,1059,onchain-orderbook
2023-10-08,45,3798,1061,onchain-orderbook
2023-10-09,45.48,4775,1059,onchain-orderbook
2023-10-10,45.48,4775,1059,onchain-orderbook
2023-10-11,45.48,4775,1054,onchain-orderbook
2023-10-12,44.95,4775,1052,onchain-orderbook
2023-10-13,44.95,4775,1054,onchain-orderbook
2023-10-14,44.95,4775,1054,onchain-orderbook
2023-10-15,44.95,4775,1053,onchain-orderbook
2023-10-16,43.5,4145,1054,onchain-orderbook
2023-10-17,43.5,4947,1056,onchain-orderbook
2023-10-18,43.5,1544,1057,onchain-orderbook
2023-10-19,43.5,1544,1055,onchain-orderbook
2023-10-20,43.3,1544,1050,onchain-orderbook
2023-10-21,42.99,5682,1053,onchain-orderbook
2023-10-22,42.99,5682,1050,onchain-orderbook
2023-10-23,42.88,5682,1048,onchain-orderbook
2023-10-24,42.88,5682,1046,onchain-orderbook
2023-10-25,42.88,5682,1044,onchain-orderbook
2023-10-26,44.75,3153,1033,onchain-orderbook
2023-10-27,44.75,3153,1028,onchain-orderbook
2023-10-28,44.75,3153,1025,onchain-orderbook
2023-10-29,45.75,3153,1025,onchain-orderbook
2023-10-30,46.88,2522,1024,onchain-orderbook
2023-10-31,46.87,1873,1026,onchain-orderbook
2023-11-01,46.87,1139,1029,onchain-orderbook
2023-11-02,46.87,9608,1028,onchain-orderbook
2023-11-03,46.87,9608,1024,onchain-orderbook
2023-11-04,46.87,9608,1025,onchain-orderbook
2023-11-05,46.87,9608,1026,onchain-orderbook
2023-11-06,48.93,1544,1009,onchain-orderbook
2023-11-07,49.85,1544,1006,onchain-orderbook
2023-11-08,52,9806,992,onchain-orderbook
2023-11-09,54.5,1738,986,onchain-orderbook
2023-11-10,59,8932,957,onchain-orderbook
2023-11-11,59.4,8932,955,onchain-orderbook
2023-11-12,59.75,8932,959,onchain-orderbook
2023-11-13,59.55,8932,962,onchain-orderbook
2023-11-14,57.33,2522,971,onchain-orderbook
2023-11-15,57.22,2522,973,onchain-orderbook
2023-11-16,56.9,3038,972,onchain-orderbook
2023-11-17,55.99,5952,971,onchain-orderbook
2023-11-18,56.6,5952,971,onchain-orderbook
2023-11-19,56.19,1110,971,onchain-orderbook
2023-11-20,56.25,1621,974,onchain-orderbook
2023-11-21,56,6683,973,onchain-orderbook
2023-11-22,55.99,1621,975,onchain-orderbook
2023-11-23,55.99,1621,971,onchain-orderbook
2023-11-24,56.98,6683,976,onchain-orderbook
2023-11-25,56.7,5952,974,onchain-orderbook
2023-11-26,56.5,5952,973,onchain-orderbook
2023-11-27,57.39,3038,963,onchain-orderbook
2023-11-28,57.4,1621,957,onchain-orderbook
2023-11-29,56.99,1621,957,onchain-orderbook
2023-11-30,56.98,3038,958,onchain-orderbook
2023-12-01,56.85,1621,958,onchain-orderbook
2023-12-02,56.85,1621,962,onchain-orderbook
2023-12-03,56.85,1621,963,onchain-orderbook
2023-12-04,57.24,1848,961,onchain-orderbook
2023-12-05,57.09,5614,963,onchain-orderbook
2023-12-06,56.86,3038,968,onchain-orderbook
2023-12-07,56.49,6286,967,onchain-orderbook
2023-12-08,55.89,5210,966,onchain-orderbook
2023-12-09,55.69,5210,968,onchain-orderbook
2023-12-10,55.55,431,970,onchain-orderbook
2023-12-11,55.69,5210,971,onchain-orderbook
2023-12-12,55.5,5614,974,onchain-orderbook
2023-12-13,54.83,5210,971,onchain-orderbook
2023-12-14,54.82,6683,969,onchain-orderbook
2023-12-15,54.69,5210,976,onchain-orderbook
2023-12-16,54.68,8917,972,onchain-orderbook
2023-12-17,54,5210,971,onchain-orderbook
2023-12-18,54,5210,967,onchain-orderbook
2023-12-19,54,5210,967,onchain-orderbook
2023-12-20,53.69,1544,966,onchain-orderbook
2023-12-21,56.89,3534,958,onchain-orderbook
2023-12-22,55.99,8917,964,onchain-orderbook
2023-12-23,55.99,8917,965,onchain-orderbook
2023-12-24,55.74,2920,964,onchain-orderbook
2023-12-25,55.74,2920,966,onchain-orderbook
2023-12-26,55.74,2920,968,onchain-orderbook
2023-12-27,55.7,5803,967,onchain-orderbook
2023-12-28,55.65,7265,968,onchain-orderbook
2023-12-29,55.7,5803,966,onchain-orderbook
2023-12-30,55.69,5256,966,onchain-orderbook
2023-12-31,55.49,2920,962,onchain-orderbook
2024-01-01,55.49,2920,966,onchain-orderbook
2024-01-02,55.65,5256,965,onchain-orderbook
2024-01-03,55.69,7532,972,onchain-orderbook
2024-01-04,55.69,7532,974,onchain-orderbook
2024-01-05,55.69,7532,978,onchain-orderbook
2024-01-06,55.495,7289,982,onchain-orderbook
2024-01-07,53.99,7532,982,onchain-orderbook
2024-01-08,53,2486,984,onchain-orderbook
2024-01-09,53,2486,984,onchain-orderbook
2024-01-10,53.99,7532,980,onchain-orderbook
2024-01-11,57.99,4787,968,onchain-orderbook
2024-01-12,59.38,2586,961,onchain-orderbook
2024-01-13,59.37,5337,959,onchain-orderbook
2024-01-14,58.74,8186,967,onchain-orderbook
2024-01-15,58.5,4911,965,onchain-orderbook
2024-01-16,58.38,2586,977,onchain-orderbook
2024-01-17,58.25,7116,973,onchain-orderbook
2024-01-18,58.2,4814,975,onchain-orderbook
2024-01-19,59,7495,956,onchain-orderbook
2024-01-20,61.45,1742,944,onchain-orderbook
2024-01-21,61.45,1742,940,onchain-orderbook
2024-01-22,64.35,2608,939,onchain-orderbook
2024-01-23,64.34,3736,941,onchain-orderbook
2024-01-24,62.95,9295,933,onchain-orderbook
2024-01-25,63.25,2608,938,onchain-orderbook
2024-01-26,62.69,5831,940,onchain-orderbook
2024-01-27,61.99,6512,941,onchain-orderbook
2024-01-28,61.99,6512,946,onchain-orderbook
2024-01-29,60.99,6512,950,onchain-orderbook
2024-01-30,61.48,5378,956,onchain-orderbook
2024-01-31,59.99,5210,955,onchain-orderbook
2024-02-01,60.99,5378,952,onchain-orderbook
2024-02-02,60.95,7974,952,onchain-orderbook
2024-02-03,59.99,5085,954,onchain-orderbook
2024-02-04,59.95,1595,953,onchain-orderbook
2024-02-05,59.89,2642,950,onchain-orderbook
2024-02-06,59,2225,957,onchain-orderbook
2024-02-07,56.99,6440,959,onchain-orderbook
2024-02-08,59.95,7974,953,onchain-orderbook
2024-02-09,59.69,6169,957,onchain-orderbook
2024-02-10,58.99,6169,954,onchain-orderbook
2024-02-11,57.95,9468,954,onchain-orderbook
2024-02-12,58.5,1928,960,onchain-orderbook
2024-02-13,58.95,6169,956,onchain-orderbook
2024-02-14,57.5,586,959,onchain-orderbook
2024-02-15,56.99,6169,958,onchain-orderbook
2024-02-16,55.99,8635,961,onchain-orderbook
2024-02-17,56.89,7974,961,onchain-orderbook
2024-02-18,56.69,6169,964,onchain-orderbook
2024-02-19,56.88,3629,958,onchain-orderbook
2024-02-20,55.99,6451,957,onchain-orderbook
2024-02-21,55.99,6451,964,onchain-orderbook
2024-02-22,55.95,907,965,onchain-orderbook
2024-02-23,55.95,907,967,onchain-orderbook
2024-02-24,55.99,6451,961,onchain-orderbook
2024-02-25,56.1,9468,963,onchain-orderbook
2024-02-26,55.95,907,967,onchain-orderbook
2024-02-27,57,2467,969,onchain-orderbook
2024-02-28,58.75,7071,972,onchain-orderbook
2024-02-29,58.93,3629,976,onchain-orderbook
2024-03-01,57.5,3629,979,onchain-orderbook
2024-03-02,58.94,2094,982,onchain-orderbook
2024-03-03,59.88,3323,986,onchain-orderbook
2024-03-04,57.88,9000,984,onchain-orderbook
2024-03-05,54.99,9000,988,onchain-orderbook
2024-03-06,54.99,503,999,onchain-orderbook
2024-03-07,53.99,8518,1003,onchain-orderbook
2024-03-08,53.88,4269,1008,onchain-orderbook
2024-03-09,53.84,6435,1024,onchain-orderbook
2024-03-10,50.99,7594,1030,onchain-orderbook
2024-03-11,48,2996,1035,onchain-orderbook
2024-03-12,49.98,2265,1045,onchain-orderbook
2024-03-13,49.99,1482,1045,onchain-orderbook
2024-03-14,48.5,1482,1044,onchain-orderbook
2024-03-15,48.99,6883,1034,onchain-orderbook
2024-03-16,48.99,6883,1035,onchain-orderbook
2024-03-17,48.9,4931,1043,onchain-orderbook
2024-03-18,47.99,2996,1043,onchain-orderbook
2024-03-19,50.99,7594,1033,onchain-orderbook
2024-03-20,50.99,7594,1021,onchain-orderbook
2024-03-21,49.75,3736,1025,onchain-orderbook
2024-03-22,49.75,3736,1027,onchain-orderbook
2024-03-23,49.75,3736,1031,onchain-orderbook
2024-03-24,49.75,3736,1032,onchain-orderbook
2024-03-25,47.47,8078,1033,onchain-orderbook
2024-03-26,47.39,1482,1035,onchain-orderbook
2024-03-27,46.98,1482,1039,onchain-orderbook
2024-03-28,45.99,1482,1043,onchain-orderbook
2024-03-29,45.99,8078,1046,onchain-orderbook
2024-03-30,45.99,8078,1047,onchain-orderbook
2024-03-31,44.99,6636,1043,onchain-orderbook
2024-04-01,44.49,6636,1042,onchain-orderbook
2024-04-02,41.99,7982,1045,onchain-orderbook
2024-04-03,42,7735,1041,onchain-orderbook
2024-04-04,42,7735,1043,onchain-orderbook
2024-04-05,41.5,9620,1043,onchain-orderbook
2024-04-06,42,7735,1043,onchain-orderbook
2024-04-07,42,7735,1042,onchain-orderbook
2024-04-08,42,7735,1041,onchain-orderbook
2024-04-09,42,7735,1042,onchain-orderbook
2024-04-10,39.99,1386,1042,onchain-orderbook
2024-04-11,39.99,1386,1044,onchain-orderbook
2024-04-12,41.73,7982,1038,onchain-orderbook
2024-04-13,39.1,1386,1040,onchain-orderbook
2024-04-14,41.5,1848,1040,onchain-orderbook
2024-04-15,40.98,1012,1040,onchain-orderbook
2024-04-16,39.99,5064,1046,onchain-orderbook
2024-04-17,40.98,1012,1049,onchain-orderbook
2024-04-18,39.69,5064,1050,onchain-orderbook
2024-04-19,39.69,5064,1050,onchain-orderbook
2024-04-20,39.69,5064,1051,onchain-orderbook
2024-04-21,38.99,5064,1050,onchain-orderbook
2024-04-22,38.5,628,1050,onchain-orderbook
2024-04-23,37.99,628,1054,onchain-orderbook
2024-04-24,38.98,4721,1059,onchain-orderbook
2024-04-25,38.98,4721,1060,onchain-orderbook
2024-04-26,38.97,2233,1059,onchain-orderbook
2024-04-27,38.45,8648,1060,onchain-orderbook
2024-04-28,36.9,5446,1062,onchain-orderbook
2024-04-29,35.99,1702,1060,onchain-orderbook
2024-04-30,36,1476,1057,onchain-orderbook
2024-05-01,36,1476,1064,onchain-orderbook
2024-05-02,37.89,1702,1061,onchain-orderbook
2024-05-03,37.89,8427,1058,onchain-orderbook
2024-05-04,37.99,1476,1051,onchain-orderbook
2024-05-05,37.99,1476,1052,onchain-orderbook
2024-05-06,37.99,1476,1051,onchain-orderbook
2024-05-07,38.5,5603,1043,onchain-orderbook
2024-05-08,37.99,4804,1042,onchain-orderbook
2024-05-09,38.5,4804,1043,onchain-orderbook
2024-05-10,38.81,5383,1041,onchain-orderbook
2024-05-11,38.98,4721,1038,onchain-orderbook
2024-05-12,39.95,2233,1034,onchain-orderbook
2024-05-13,39.99,2452,1039,onchain-orderbook
2024-05-14,40.69,4829,1036,onchain-orderbook
2024-05-15,39.49,757,1040,onchain-orderbook
2024-05-16,39.39,757,1039,onchain-orderbook
2024-05-17,37.99,6762,1040,onchain-orderbook
2024-05-18,37.75,6762,1042,onchain-orderbook
2024-05-19,37.75,6762,1044,onchain-orderbook
2024-05-20,35.99,6762,1055,onchain-orderbook
2024-05-21,35.99,6149,1055,onchain-orderbook
2024-05-22,33.99,3494,1061,onchain-orderbook
2024-05-23,33.69,3494,1062,onchain-orderbook
2024-05-24,31.99,6685,1060,onchain-orderbook
2024-05-25,34.95,7146,1062,onchain-orderbook
2024-05-26,34.68,6149,1064,onchain-orderbook
2024-05-27,33.5,6149,1070,onchain-orderbook
2024-05-28,33.99,6149,1079,onchain-orderbook
2024-05-29,33.99,6149,1080,onchain-orderbook
2024-05-30,32.49,332,1081,onchain-orderbook
2024-05-31,32.69,5675,1075,onchain-orderbook
2024-06-01,33.48,2642,1076,onchain-orderbook
2024-06-02,32.99,2642,1077,onchain-orderbook
2024-06-03,31.99,2642,1080,onchain-orderbook
2024-06-04,30,6281,1081,onchain-orderbook
2024-06-05,29.95,1766,1084,onchain-orderbook
2024-06-06,31.49,8437,1086,onchain-orderbook
2024-06-07,31.49,1766,1083,onchain-orderbook
2024-06-08,29.99,6281,1082,onchain-orderbook
2024-06-09,29.5,3286,1083,onchain-orderbook
2024-06-10,29.15,3286,1086,onchain-orderbook
2024-06-11,28.99,1766,1084,onchain-orderbook
2024-06-12,28.88,6281,1085,onchain-orderbook
2024-06-13,27.69,6281,1083,onchain-orderbook
2024-06-14,27.42,2660,1084,onchain-orderbook
2024-06-15,27.42,2660,1088,onchain-orderbook
2024-06-16,27.41,6149,1089,onchain-orderbook
2024-06-17,26.49,6149,1091,onchain-orderbook
2024-06-18,25.45,4821,1086,onchain-orderbook
2024-06-19,25.45,4821,1091,onchain-orderbook
2024-06-20,25,5052,1080,onchain-orderbook
2024-06-21,25.25,3290,1078,onchain-orderbook
2024-06-22,26.29,2660,1080,onchain-orderbook
2024-06-23,26.65,6193,1076,onchain-orderbook
2024-06-24,26.65,6193,1074,onchain-orderbook
2024-06-25,26.59,6193,1069,onchain-orderbook
2024-06-26,26.59,6193,1069,onchain-orderbook
2024-06-27,26.88,5084,1065,onchain-orderbook
2024-06-28,28.48,3168,1061,onchain-orderbook
2024-06-29,28.47,2039,1062,onchain-orderbook
2024-06-30,28.47,2039,1061,onchain-orderbook
2024-07-01,28.47,2039,1060,onchain-orderbook
2024-07-02,27.99,2039,1059,onchain-orderbook
2024-07-03,28.99,3168,1059,onchain-orderbook
2024-07-04,28,5026,1062,onchain-orderbook
2024-07-05,28.99,9899,1061,onchain-orderbook
2024-07-06,28.99,9899,1066,onchain-orderbook
2024-07-07,25.69,9899,1062,onchain-orderbook
2024-07-08,28.7,3244,1067,onchain-orderbook
2024-07-09,27.69,9899,1071,onchain-orderbook
2024-07-10,27.49,1214,1069,onchain-orderbook
2024-07-11,27.49,1214,1072,onchain-orderbook
2024-07-12,27.49,9338,1074,onchain-orderbook
2024-07-13,27.99,2039,1078,onchain-orderbook
2024-07-14,28.39,1870,1079,onchain-orderbook
2024-07-15,27.25,8483,1080,onchain-orderbook
2024-07-16,27.25,8483,1080,onchain-orderbook
2024-07-17,26.99,8483,1086,onchain-orderbook
2024-07-18,26.99,8483,1083,onchain-orderbook
2024-07-19,26.95,8335,1083,onchain-orderbook
2024-07-20,26.91,632,1090,onchain-orderbook
2024-07-21,26.92,7789,1098,onchain-orderbook
2024-07-22,26.91,7977,1103,onchain-orderbook
2024-07-23,25.41,7763,1106,onchain-orderbook
2024-07-24,25.59,6636,1108,onchain-orderbook
2024-07-25,25.09,2754,1104,onchain-orderbook
2024-07-26,25,1022,1112,onchain-orderbook
2024-07-27,24.5,2022,1110,onchain-orderbook
2024-07-28,24.68,9071,1105,onchain-orderbook
2024-07-29,24.2,9071,1108,onchain-orderbook
2024-07-30,24.2,9071,1115,onchain-orderbook
2024-07-31,24.79,2022,1116,onchain-orderbook
2024-08-01,23.99,9260,1116,onchain-orderbook
2024-08-02,24.49,2022,1118,onchain-orderbook
2024-08-03,22.85,2022,1099,onchain-orderbook
2024-08-04,20.45,6173,1099,onchain-orderbook
2024-08-05,21.45,6434,1093,onchain-orderbook
2024-08-06,21.99,4573,1093,onchain-orderbook
2024-08-07,21.75,4573,1093,onchain-orderbook
2024-08-08,22.29,3257,1091,onchain-orderbook
2024-08-09,22.09,2043,1093,onchain-orderbook
2024-08-10,22.24,3257,1094,onchain-orderbook
2024-08-11,22.2,1011,1096,onchain-orderbook
2024-08-12,22.19,3257,1098,onchain-orderbook
2024-08-13,21.865,6981,1097,onchain-orderbook
2024-08-14,21.8,9000,1095,onchain-orderbook
2024-08-15,21.8,9000,1093,onchain-orderbook
2024-08-16,22,6981,1095,onchain-orderbook
2024-08-17,22,6981,1093,onchain-orderbook
2024-08-18,22.85,8565,1088,onchain-orderbook
2024-08-19,22.79,8565,1081,onchain-orderbook
2024-08-20,28.88,7003,1060,onchain-orderbook
2024-08-21,27.65,7304,1079,onchain-orderbook
2024-08-22,27.58,4332,1084,onchain-orderbook
2024-08-23,27.97,4332,1085,onchain-orderbook
2024-08-24,28.45,2118,1084,onchain-orderbook
2024-08-25,29.39,4332,1084,onchain-orderbook
2024-08-26,28.5,3190,1077,onchain-orderbook
2024-08-27,28.5,3190,1076,onchain-orderbook
2024-08-28,28.5,3190,1082,onchain-orderbook
2024-08-29,29.98,5702,1083,onchain-orderbook
2024-08-30,30,1024,1083,onchain-orderbook
2024-08-31,29.96,4332,1083,onchain-orderbook
2024-09-01,26.95,4912,1085,onchain-orderbook
2024-09-02,27.78,4912,1092,onchain-orderbook
2024-09-03,27.98,9060,1089,onchain-orderbook
2024-09-04,27.99,2959,1091,onchain-orderbook
2024-09-05,28.9,6685,1087,onchain-orderbook
2024-09-06,28.25,239,1087,onchain-orderbook
2024-09-07,29,9717,1089,onchain-orderbook
2024-09-08,29.78,3003,1094,onchain-orderbook
2024-09-09,29.78,4560,1083,onchain-orderbook
2024-09-10,29.5,4912,1082,onchain-orderbook
2024-09-11,29.32,239,1083,onchain-orderbook
2024-09-12,29.29,1645,1084,onchain-orderbook
2024-09-13,29.68,4912,1083,onchain-orderbook
2024-09-14,29.49,4912,1080,onchain-orderbook
2024-09-15,28.99,4912,1078,onchain-orderbook
2024-09-16,29.29,1645,1080,onchain-orderbook
2024-09-17,29.78,1149,1080,onchain-orderbook
2024-09-18,29.35,1149,1091,onchain-orderbook
2024-09-19,28.84,4912,1090,onchain-orderbook
2024-09-20,28.39,4912,1096,onchain-orderbook
2024-09-21,28.89,2782,1093,onchain-orderbook
2024-09-22,28.89,2782,1088,onchain-orderbook
2024-09-23,28.49,2782,1087,onchain-orderbook
2024-09-24,27.99,2782,1086,onchain-orderbook
2024-09-25,28,7056,1083,onchain-orderbook
2024-09-26,27.89,1471,1085,onchain-orderbook
2024-09-27,27.78,9933,1086,onchain-orderbook
2024-09-28,27.98,9933,1086,onchain-orderbook
2024-09-29,27.5,8351,1080,onchain-orderbook
2024-09-30,27.99,1645,1079,onchain-orderbook
2024-10-01,27.99,1645,1081,onchain-orderbook
2024-10-02,27.99,1645,1083,onchain-orderbook
2024-10-03,26.99,1645,1093,onchain-orderbook
2024-10-04,27.98,1471,1089,onchain-orderbook
2024-10-05,27.98,1471,1083,onchain-orderbook
2024-10-06,27.79,1471,1089,onchain-orderbook
2024-10-07,27.78,9060,1095,onchain-orderbook
2024-10-08,27.66,1471,1099,onchain-orderbook
2024-10-09,27.78,9060,1100,onchain-orderbook
2024-10-10,27.8,2755,1104,onchain-orderbook
2024-10-11,27.79,1471,1107,onchain-orderbook
2024-10-12,27.5,3257,1109,onchain-orderbook
2024-10-13,27,3257,1113,onchain-orderbook
2024-10-14,27.75,4537,1102,onchain-orderbook
2024-10-15,26.68,1471,1105,onchain-orderbook
2024-10-16,26.29,4537,1110,onchain-orderbook
2024-10-17,26.19,4537,1109,onchain-orderbook
2024-10-18,25.95,9662,1102,onchain-orderbook
2024-10-19,26.99,1471,1097,onchain-orderbook
2024-10-20,26.99,1471,1094,onchain-orderbook
2024-10-21,27.68,1471,1092,onchain-orderbook
2024-10-22,27.65,2257,1093,onchain-orderbook
2024-10-23,26.5,1471,1099,onchain-orderbook
2024-10-24,26.3,8514,1099,onchain-orderbook
2024-10-25,26.09,1471,1099,onchain-orderbook
2024-10-26,25.69,1471,1099,onchain-orderbook
2024-10-27,26.68,1471,1094,onchain-orderbook
2024-10-28,26.5,2755,1095,onchain-orderbook
2024-10-29,25.98,5042,1090,onchain-orderbook
2024-10-30,25.35,2755,1095,onchain-orderbook
2024-10-31,26.25,6170,1090,onchain-orderbook
2024-11-01,25.98,6170,1094,onchain-orderbook
2024-11-02,25.99,5042,1094,onchain-orderbook
2024-11-03,25.99,5042,1096,onchain-orderbook
2024-11-04,25.99,5042,1093,onchain-orderbook
2024-11-05,25,3970,1093,onchain-orderbook
2024-11-06,26.24,5965,1085,onchain-orderbook
2024-11-07,26.01,8661,1086,onchain-orderbook
2024-11-08,26.39,4088,1080,onchain-orderbook
2024-11-09,26.5,7056,1081,onchain-orderbook
2024-11-10,26.5,7056,1077,onchain-orderbook
2024-11-11,29.49,4089,1054,onchain-orderbook
2024-11-12,29.18,7056,1051,onchain-orderbook
2024-11-13,32.89,7218,1018,onchain-orderbook
2024-11-14,32.99,2966,1012,onchain-orderbook
2024-11-15,37.99,9060,1020,onchain-orderbook
2024-11-16,37.5,844,1010,onchain-orderbook
2024-11-17,36.99,7703,1015,onchain-orderbook
2024-11-18,35.5,3890,1015,onchain-orderbook
2024-11-19,35.99,8454,1018,onchain-orderbook
2024-11-20,35.4,3960,1020,onchain-orderbook
2024-11-21,37.69,9456,1018,onchain-orderbook
2024-11-22,36.98,1796,1022,onchain-orderbook
2024-11-23,37.69,590,1015,onchain-orderbook
2024-11-24,37.69,590,1016,onchain-orderbook
2024-11-25,37.69,590,1014,onchain-orderbook
2024-11-26,37.29,4332,1011,onchain-orderbook
2024-11-27,37.19,2684,1009,onchain-orderbook
2024-11-28,39.88,4332,1005,onchain-orderbook
2024-11-29,39.74,232,1000,onchain-orderbook
2024-11-30,40,209,983,onchain-orderbook
2024-12-01,42.99,6276,965,onchain-orderbook
2024-12-02,44.43,2174,968,onchain-orderbook
2024-12-03,44.24,3168,972,onchain-orderbook
2024-12-04,44.43,2782,981,onchain-orderbook
2024-12-05,44.24,5026,985,onchain-orderbook
2024-12-06,41.89,2782,993,onchain-orderbook
2024-12-07,39.98,2782,991,onchain-orderbook
2024-12-08,39.5,2543,993,onchain-orderbook
2024-12-09,38.99,2782,999,onchain-orderbook
2024-12-10,38.98,4050,1006,onchain-orderbook
2024-12-11,39.5,2008,1003,onchain-orderbook
2024-12-12,39.49,2782,1003,onchain-orderbook
2024-12-13,38.49,2782,1005,onchain-orderbook
2024-12-14,38.49,2782,1005,onchain-orderbook
2024-12-15,38.49,2782,1003,onchain-orderbook
2024-12-16,39.69,7509,996,onchain-orderbook
2024-12-17,39.9,8089,993,onchain-orderbook
2024-12-18,40.24,8807,1002,onchain-orderbook
2024-12-19,39.98,4348,1005,onchain-orderbook
2024-12-20,38.49,6170,1006,onchain-orderbook
2024-12-21,39.96,7662,1002,onchain-orderbook
2024-12-22,39.89,7703,1002,onchain-orderbook
2024-12-23,39.89,7703,1001,onchain-orderbook
2024-12-24,39.89,7703,1003,onchain-orderbook
2024-12-25,37.99,7509,1005,onchain-orderbook
2024-12-26,36.99,7509,1010,onchain-orderbook
2024-12-27,36.99,7509,1011,onchain-orderbook
2024-12-28,36.99,7509,1014,onchain-orderbook
2024-12-29,38.47,7626,1012,onchain-orderbook
2024-12-30,37.69,7803,1010,onchain-orderbook
2024-12-31,36.74,1900,1008,onchain-orderbook
2025-01-01,36.74,4348,1011,onchain-orderbook
2025-01-02,37.74,4841,1006,onchain-orderbook
2025-01-03,37.24,8746,1000,onchain-orderbook
2025-01-04,37.98,7803,996,onchain-orderbook
2025-01-05,37.98,7803,1002,onchain-orderbook
2025-01-06,37.74,7803,1001,onchain-orderbook
2025-01-07,36.99,7803,1003,onchain-orderbook
2025-01-08,36.99,7803,1006,onchain-orderbook
2025-01-09,36.28,7803,1008,onchain-orderbook
2025-01-10,36.28,7803,1015,onchain-orderbook
2025-01-11,36.28,7803,1018,onchain-orderbook
2025-01-12,35.5,275,1020,onchain-orderbook
2025-01-13,35.89,2733,1019,onchain-orderbook
2025-01-14,40.9,7919,1002,onchain-orderbook
2025-01-15,40,6341,1003,onchain-orderbook
2025-01-16,37.69,7703,1008,onchain-orderbook
2025-01-17,37.994,8807,1012,onchain-orderbook
2025-01-18,37.25,4841,1013,onchain-orderbook
2025-01-19,37.99,3721,1003,onchain-orderbook
2025-01-20,37.78,3721,1007,onchain-orderbook
2025-01-21,37.594,8807,1005,onchain-orderbook
2025-01-22,39.97,9719,993,onchain-orderbook
2025-01-23,40,6341,994,onchain-orderbook
2025-01-24,40.89,8807,991,onchain-orderbook
2025-01-25,40.89,8807,989,onchain-orderbook
2025-01-26,40.9,7919,992,onchain-orderbook
2025-01-27,40.89,4841,998,onchain-orderbook
2025-01-28,38.5,4841,1011,onchain-orderbook
2025-01-29,38.5,4841,1014,onchain-orderbook
2025-01-30,38.5,4841,1015,onchain-orderbook
2025-01-31,38.99,4348,1014,onchain-orderbook
2025-02-01,40.1,8891,1017,onchain-orderbook
2025-02-02,38.99,4348,1020,onchain-orderbook
2025-02-03,39.93,3721,1013,onchain-orderbook
2025-02-04,39.93,3721,1010,onchain-orderbook
2025-02-05,38.5,2164,1024,onchain-orderbook
2025-02-06,37.49,3965,1025,onchain-orderbook
2025-02-07,35.46,7560,1037,onchain-orderbook
2025-02-08,34.99,4152,1035,onchain-orderbook
2025-02-09,34.99,4152,1036,onchain-orderbook
2025-02-10,36.49,2164,1040,onchain-orderbook
2025-02-11,36.88,5731,1039,onchain-orderbook
2025-02-12,35.99,5731,1038,onchain-orderbook
2025-02-13,35.99,5731,1040,onchain-orderbook
2025-02-14,35.49,7703,1040,onchain-orderbook
2025-02-15,35.49,7703,1039,onchain-orderbook
2025-02-16,35.49,7703,1038,onchain-orderbook
2025-02-17,35.49,7703,1043,onchain-orderbook
2025-02-18,35.48,5731,1047,onchain-orderbook
2025-02-19,35.48,5731,1046,onchain-orderbook
2025-02-20,35.48,5731,1047,onchain-orderbook
2025-02-21,35.41,5731,1045,onchain-orderbook
2025-02-22,34.59,7703,1045,onchain-orderbook
2025-02-23,34.49,5731,1043,onchain-orderbook
2025-02-24,34.48,4152,1043,onchain-orderbook
2025-02-25,34.09,7703,1045,onchain-orderbook
2025-02-26,34.09,7703,1046,onchain-orderbook
2025-02-27,34.09,7703,1045,onchain-orderbook
2025-02-28,34.09,7703,1040,onchain-orderbook
2025-03-01,34.69,4348,1039,onchain-orderbook
2025-03-02,35.99,3512,1032,onchain-orderbook
2025-03-03,35.98,4950,1034,onchain-orderbook
2025-03-04,35.95,6004,1035,onchain-orderbook
2025-03-05,37.5,4398,1017,onchain-orderbook
2025-03-06,36.49,7703,1020,onchain-orderbook
2025-03-07,38.45,3912,1018,onchain-orderbook
2025-03-08,38.45,3912,1017,onchain-orderbook
2025-03-09,38.45,3912,1016,onchain-orderbook
2025-03-10,37.9849,7703,1017,onchain-orderbook
2025-03-11,38.39,3912,1017,onchain-orderbook
2025-03-12,37.7949,7703,1016,onchain-orderbook
2025-03-13,38.39,3912,1014,onchain-orderbook
2025-03-14,38.39,3912,1016,onchain-orderbook
2025-03-15,38.39,6480,1017,onchain-orderbook
2025-03-16,38.39,6480,1014,onchain-orderbook
2025-03-17,38.37,6480,1014,onchain-orderbook
2025-03-18,38.4,9143,1009,onchain-orderbook
2025-03-19,38.4,9143,1012,onchain-orderbook
2025-03-20,38.4,9143,1010,onchain-orderbook
2025-03-21,39.93,7608,1010,onchain-orderbook
2025-03-22,39.92,5418,1012,onchain-orderbook
2025-03-23,39.99,8168,1000,onchain-orderbook
2025-03-24,41.8,8249,982,onchain-orderbook
2025-03-25,41.79,7608,983,onchain-orderbook
2025-03-26,40.99,6718,985,onchain-orderbook
2025-03-27,42.49,9088,983,onchain-orderbook
2025-03-28,42.67,6480,986,onchain-orderbook
2025-03-29,42.99,6480,983,onchain-orderbook
2025-03-30,42.59,2346,982,onchain-orderbook
2025-03-31,42.59,2346,980,onchain-orderbook
2025-04-01,42.59,2346,980,onchain-orderbook
2025-04-02,42.59,2346,977,onchain-orderbook
2025-04-03,42.58,9383,980,onchain-orderbook
2025-04-04,42.59,2346,980,onchain-orderbook
2025-04-05,42.59,2346,983,onchain-orderbook
2025-04-06,42.59,2346,981,onchain-orderbook
2025-04-07,42.59,3231,979,onchain-orderbook
2025-04-08,42.58,9358,972,onchain-orderbook
2025-04-09,42.5,5813,973,onchain-orderbook
2025-04-10,42.5,5813,969,onchain-orderbook
2025-04-11,42.5,5813,971,onchain-orderbook
2025-04-12,42.49,9358,970,onchain-orderbook
2025-04-13,42.49,9358,966,onchain-orderbook
2025-04-14,42.42,2390,967,onchain-orderbook
2025-04-15,42.42,2390,967,onchain-orderbook
2025-04-16,41.99,2390,967,onchain-orderbook
2025-04-17,42,5813,963,onchain-orderbook
2025-04-18,42,5813,967,onchain-orderbook
2025-04-19,42,5813,967,onchain-orderbook
2025-04-20,41.69,9383,967,onchain-orderbook
2025-04-21,42,5813,963,onchain-orderbook
2025-04-22,43.97,7608,955,onchain-orderbook
2025-04-23,43.09,9358,949,onchain-orderbook
2025-04-24,43.1,2896,945,onchain-orderbook
2025-04-25,43.1,2896,945,onchain-orderbook
2025-04-26,43.98,4875,941,onchain-orderbook
2025-04-27,44.5,4848,951,onchain-orderbook
2025-04-28,44.5,4848,953,onchain-orderbook
2025-04-29,43.99,8580,956,onchain-orderbook
2025-04-30,43.98,7693,960,onchain-orderbook
2025-05-01,43.98,7693,961,onchain-orderbook
2025-05-02,43.94,7693,961,onchain-orderbook
2025-05-03,44.49,9765,958,onchain-orderbook
2025-05-04,44.1,3965,960,onchain-orderbook
2025-05-05,44.09,7693,962,onchain-orderbook
2025-05-06,42.25,7693,963,onchain-orderbook
2025-05-07,42.99,2299,958,onchain-orderbook
2025-05-08,44.84,7693,954,onchain-orderbook
2025-05-09,44.84,7693,953,onchain-orderbook
2025-05-10,44.84,7693,952,onchain-orderbook
2025-05-11,44.85,3593,944,onchain-orderbook
2025-05-12,45.54,7693,948,onchain-orderbook
2025-05-13,47.99,4398,933,onchain-orderbook
2025-05-14,47.5,4398,931,onchain-orderbook
2025-05-15,46.59,2841,936,onchain-orderbook
2025-05-16,46.59,2841,936,onchain-orderbook
2025-05-17,46.59,2841,940,onchain-orderbook
2025-05-18,46.6,3997,940,onchain-orderbook
2025-05-19,46.99,1350,939,onchain-orderbook
2025-05-20,46.99,1350,938,onchain-orderbook
2025-05-21,46.99,1350,938,onchain-orderbook
2025-05-22,46.88,7082,936,onchain-orderbook
2025-05-23,46.88,7082,938,onchain-orderbook
2025-05-24,47.39,8249,938,onchain-orderbook
2025-05-25,47.39,8249,938,onchain-orderbook
2025-05-26,46.79,5441,932,onchain-orderbook
2025-05-27,46.78,1350,932,onchain-orderbook
2025-05-28,46.5,5441,934,onchain-orderbook
2025-05-29,46.29,5441,938,onchain-orderbook
2025-05-30,45.75,7703,940,onchain-orderbook
2025-05-31,45.75,7703,940,onchain-orderbook
2025-06-01,45.75,7703,939,onchain-orderbook
2025-06-02,45.75,7703,941,onchain-orderbook
2025-06-03,45.38,7938,945,onchain-orderbook
2025-06-04,45.49,2557,943,onchain-orderbook
2025-06-05,45.3,5060,958,onchain-orderbook
2025-06-06,45.3,5060,970,onchain-orderbook
2025-06-07,44.99,3241,974,onchain-orderbook
2025-06-08,44.99,3241,976,onchain-orderbook
2025-06-09,44,7703,974,onchain-orderbook
2025-06-10,44,7703,976,onchain-orderbook
2025-06-11,43.98,2557,978,onchain-orderbook
2025-06-12,43.99,5060,980,onchain-orderbook
2025-06-13,43.99,5060,985,onchain-orderbook
2025-06-14,43.25,2557,983,onchain-orderbook
2025-06-15,42.69,7703,986,onchain-orderbook
2025-06-16,41.99,7703,985,onchain-orderbook
2025-06-17,41.49,2557,986,onchain-orderbook
2025-06-18,41.4,6273,994,onchain-orderbook
2025-06-19,40.99,2557,996,onchain-orderbook
2025-06-20,39.89,3241,1002,onchain-orderbook
2025-06-21,39.79,2557,1008,onchain-orderbook
2025-06-22,39.98,6496,1003,onchain-orderbook
2025-06-23,39.5,1444,1001,onchain-orderbook
2025-06-24,39.5,1444,1000,onchain-orderbook
2025-06-25,39,7506,1002,onchain-orderbook
2025-06-26,39,7506,1004,onchain-orderbook
2025-06-27,39,7506,1004,onchain-orderbook
2025-06-28,39,7506,1004,onchain-orderbook
2025-06-29,38.99,3241,1005,onchain-orderbook
2025-06-30,38.99,2173,1003,onchain-orderbook
2025-07-01,39,7506,1002,onchain-orderbook
2025-07-02,39,7506,1002,onchain-orderbook
2025-07-03,38.89,2557,1006,onchain-orderbook
2025-07-04,38.99,8249,1003,onchain-orderbook
2025-07-05,38.99,8249,1003,onchain-orderbook
2025-07-06,38.99,8249,1003,onchain-orderbook
2025-07-07,38.99,8249,1002,onchain-orderbook
2025-07-08,41,6193,990,onchain-orderbook
2025-07-09,41.99,2557,993,onchain-orderbook
2025-07-10,43.49,2557,993,onchain-orderbook
2025-07-11,42.99,2557,999,onchain-orderbook
2025-07-12,42,6421,1000,onchain-orderbook
2025-07-13,43.25,6395,998,onchain-orderbook
2025-07-14,42.25,6395,998,onchain-orderbook
2025-07-15,39.99,3241,1007,onchain-orderbook
2025-07-16,42.94,2557,1006,onchain-orderbook
2025-07-17,41.98,6371,1012,onchain-orderbook
2025-07-18,40.99,2557,1007,onchain-orderbook
2025-07-19,40.99,2557,1006,onchain-orderbook
2025-07-20,47.25,6371,928,onchain-orderbook
2025-07-21,47.9,3593,946,onchain-orderbook
2025-07-22,47.5,8150,953,onchain-orderbook
2025-07-23,48.74,8150,945,onchain-orderbook
2025-07-24,49.99,8150,935,onchain-orderbook
2025-07-25,51.99,8565,928,onchain-orderbook
2025-07-26,50.49,8565,932,onchain-orderbook
2025-07-27,50.98,8565,945,onchain-orderbook
2025-07-28,53.98,4449,942,onchain-orderbook
2025-07-29,52.98,8565,945,onchain-orderbook
2025-07-30,53.84,8565,953,onchain-orderbook
2025-07-31,52,8774,962,onchain-orderbook
2025-08-01,52.99,7104,966,onchain-orderbook
2025-08-02,53.99,8774,964,onchain-orderbook
2025-08-03,53.5,8150,969,onchain-orderbook
2025-08-04,51.5,3951,970,onchain-orderbook
2025-08-05,51.5,3951,965,onchain-orderbook
2025-08-06,52.29,6933,967,onchain-orderbook
2025-08-07,51.99,9758,964,onchain-orderbook
2025-08-08,53.6,8150,971,onchain-orderbook
2025-08-09,54.97,8201,964,onchain-orderbook
2025-08-10,54.3,8764,961,onchain-orderbook
2025-08-11,54.86,6588,979,onchain-orderbook
2025-08-12,53.9949999,6324,1013,onchain-orderbook
2025-08-13,52,2918,1026,onchain-orderbook
2025-08-14,50.6949,6933,1024,onchain-orderbook
2025-08-15,49.5,2918,1025,onchain-orderbook
2025-08-16,49.5,2918,1030,onchain-orderbook
2025-08-17,49.99,7626,1028,onchain-orderbook
2025-08-18,48.88,750,1040,onchain-orderbook
2025-08-19,47.5,2918,1049,onchain-orderbook
2025-08-20,47.4,3433,1050,onchain-orderbook
2025-08-21,46.5,7502,1052,onchain-orderbook
2025-08-22,49,6741,1052,onchain-orderbook
2025-08-23,49.9,267,1059,onchain-orderbook
2025-08-24,49.87,4478,1060,onchain-orderbook
2025-08-25,48.22,606,1070,onchain-orderbook
2025-08-26,46.87,606,1069,onchain-orderbook
2025-08-27,47.98,6933,1073,onchain-orderbook
2025-08-28,46.69,6933,1075,onchain-orderbook
2025-08-29,46.63,6933,1077,onchain-orderbook
2025-08-30,46.88,3383,1075,onchain-orderbook
2025-08-31,46.88,4135,1093,onchain-orderbook
2025-09-01,45,3995,1093,onchain-orderbook
2025-09-02,45.75,4420,1097,onchain-orderbook
2025-09-03,47.99,1628,1088,onchain-orderbook
2025-09-04,48,7587,1099,onchain-orderbook
2025-09-05,48.49,1628,1099,onchain-orderbook
2025-09-06,48.49,1628,1106,onchain-orderbook
2025-09-07,48.39,1628,1106,onchain-orderbook
2025-09-08,48.4,267,1105,onchain-orderbook
2025-09-09,47.5,8764,1107,onchain-orderbook
2025-09-10,46.5,5026,1107,onchain-orderbook
2025-09-11,46.63,1417,1105,onchain-orderbook
2025-09-12,46.63,1417,1110,onchain-orderbook
2025-09-13,46.62,4420,1113,onchain-orderbook
2025-09-14,48.37,6588,1114,onchain-orderbook
2025-09-15,48.96,6482,1114,onchain-orderbook
2025-09-16,48.95,3995,1113,onchain-orderbook
2025-09-17,48.3,3995,1117,onchain-orderbook
2025-09-18,48.3,3995,1121,onchain-orderbook
2025-09-19,48.89,6482,1124,onchain-orderbook
2025-09-20,48.9,2991,1128,onchain-orderbook
2025-09-21,48.9,2991,1132,onchain-orderbook
2025-09-22,46.69,1613,1135,onchain-orderbook
2025-09-23,46.49,1613,1137,onchain-orderbook
2025-09-24,46.39,8237,1138,onchain-orderbook
2025-09-25,44.88,9763,1146,onchain-orderbook
2025-09-26,44.49,9763,1145,onchain-orderbook
2025-09-27,44.9,1350,1145,onchain-orderbook
2025-09-28,45.95,9516,1142,onchain-orderbook
2025-09-29,46.69,1444,1142,onchain-orderbook
2025-09-30,47.29,4478,1142,onchain-orderbook
2025-10-01,47.29,4478,1141,onchain-orderbook
2025-10-02,47.3,8548,1141,onchain-orderbook
2025-10-03,47.47,5965,1142,onchain-orderbook
2025-10-04,48.9,1054,1140,onchain-orderbook
2025-10-05,48.47,7646,1141,onchain-orderbook
2025-10-06,48.7,2663,1145,onchain-orderbook
2025-10-07,48.42,3433,1149,onchain-orderbook
2025-10-08,48.48,5732,1147,onchain-orderbook
2025-10-09,48.45,4765,1150,onchain-orderbook
2025-10-10,47.9,8746,1156,onchain-orderbook
2025-10-11,46.97,8746,1158,onchain-orderbook
2025-10-12,47.46,8746,1158,onchain-orderbook
2025-10-13,46.5,6457,1159,onchain-orderbook
2025-10-14,44.5,6457,1162,onchain-orderbook
2025-10-15,43.99,1927,1162,onchain-orderbook
2025-10-16,43.99,1927,1162,onchain-orderbook
2025-10-17,44,384,1167,onchain-orderbook
2025-10-18,42.69,6343,1168,onchain-orderbook
2025-10-19,42.69,6343,1170,onchain-orderbook
2025-10-20,42,9763,1175,onchain-orderbook
2025-10-21,41,9763,1176,onchain-orderbook
2025-10-22,39,8746,1177,onchain-orderbook
2025-10-23,37.9,4631,1183,onchain-orderbook
2025-10-24,37.99,5236,1187,onchain-orderbook
2025-10-25,38.9,6343,1178,onchain-orderbook
2025-10-26,39,8408,1181,onchain-orderbook
2025-10-27,39,8408,1180,onchain-orderbook
2025-10-28,39,8408,1183,onchain-orderbook
2025-10-29,39,8408,1183,onchain-orderbook
2025-10-30,38,9367,1178,onchain-orderbook
2025-10-31,36.99,9367,1179,onchain-orderbook
2025-11-01,36.99,9367,1184,onchain-orderbook
2025-11-02,35.99,9367,1182,onchain-orderbook
2025-11-03,36.47,1311,1187,onchain-orderbook
2025-11-04,33.3,5935,1190,onchain-orderbook
2025-11-05,36.49,1905,1192,onchain-orderbook
2025-11-06,35.25,1910,1193,onchain-orderbook
2025-11-07,34.5,3186,1195,onchain-orderbook
2025-11-08,34.2,1905,1202,onchain-orderbook
2025-11-09,33.99,1905,1202,onchain-orderbook
2025-11-10,33.99,1910,1201,onchain-orderbook
2025-11-11,34.4,8154,1204,onchain-orderbook
2025-11-12,34.85,7885,1205,onchain-orderbook
2025-11-13,33,5198,1202,onchain-orderbook
2025-11-14,32.6,5117,1203,onchain-orderbook
2025-11-15,31.49,606,1205,onchain-orderbook
2025-11-16,31.3,3150,1200,onchain-orderbook
2025-11-17,30.8,3123,1198,onchain-orderbook
2025-11-18,30.95,7885,1199,onchain-orderbook
2025-11-19,29.9,8764,1198,onchain-orderbook
2025-11-20,29.99,8764,1196,onchain-orderbook
2025-11-21,29.7,1910,1194,onchain-orderbook
2025-11-22,29.89,8764,1193,onchain-orderbook
2025-11-23,29.89,8764,1186,onchain-orderbook
2025-11-24,30.97,8764,1173,onchain-orderbook
2025-11-25,30.97,8764,1176,onchain-orderbook
2025-11-26,30.69,4046,1179,onchain-orderbook
2025-11-27,30.2,606,1185,onchain-orderbook
2025-11-28,30.69,4046,1184,onchain-orderbook
2025-11-29,30.69,4046,1184,onchain-orderbook
2025-11-30,30.96,8565,1184,onchain-orderbook
2025-12-01,30.6,4554,1185,onchain-orderbook
2025-12-02,30.6,4554,1186,onchain-orderbook
2025-12-03,30.57,3378,1189,onchain-orderbook
2025-12-04,30.1,4554,1182,onchain-orderbook
2025-12-05,30.09,3976,1182,onchain-orderbook
2025-12-06,30.09,3976,1183,onchain-orderbook
2025-12-07,30.09,3976,1182,onchain-orderbook
2025-12-08,30.1,4554,1182,onchain-orderbook
2025-12-09,29.2,5938,1186,onchain-orderbook
2025-12-10,29.2,2782,1182,onchain-orderbook
2025-12-11,29.95,2782,1182,onchain-orderbook
2025-12-12,29.85,3761,1182,onchain-orderbook
2025-12-13,29.8,2782,1182,onchain-orderbook
2025-12-14,28,3150,1185,onchain-orderbook
2025-12-15,27.1,3761,1184,onchain-orderbook
2025-12-16,26.999,7574,1182,onchain-orderbook
2025-12-17,26.9899,8539,1180,onchain-orderbook
2025-12-18,26.69,4319,1182,onchain-orderbook
2025-12-19,26.58,8764,1182,onchain-orderbook
2025-12-20,26.58,8764,1181,onchain-orderbook
2025-12-21,26.9899,8539,1181,onchain-orderbook
2025-12-22,26.98,2697,1185,onchain-orderbook
2025-12-23,26.95,2697,1197,onchain-orderbook
2025-12-24,26.89,2925,1193,onchain-orderbook
2025-12-25,26.55,2782,1192,onchain-orderbook
2025-12-26,26.49,2925,1194,onchain-orderbook
2025-12-27,26.9,2782,1193,onchain-orderbook
2025-12-28,26.25,1000,1197,onchain-orderbook
2025-12-29,26.82,1449,1198,onchain-orderbook
2025-12-30,26.79,1449,1192,onchain-orderbook
2025-12-31,26.77,1449,1194,onchain-orderbook
2026-01-01,25.95,8201,1194,onchain-orderbook
2026-01-02,27.99,8201,1182,onchain-orderbook
2026-01-03,28.24,8201,1176,onchain-orderbook
2026-01-04,29.35,6379,1179,onchain-orderbook
2026-01-05,29.4,4554,1174,onchain-orderbook
2026-01-06,29.99,6379,1177,onchain-orderbook
2026-01-07,29.7,6547,1176,onchain-orderbook
2026-01-08,28.99,6379,1179,onchain-orderbook
2026-01-09,29.18,8201,1179,onchain-orderbook
2026-01-10,29.18,8201,1179,onchain-orderbook
2026-01-11,29.18,8201,1179,onchain-orderbook
2026-01-12,29.18,8201,1179,onchain-orderbook
2026-01-13,29.18,8201,1181,onchain-orderbook
2026-01-14,28.8,352,1178,onchain-orderbook
2026-01-15,29.17,1454,1181,onchain-orderbook
2026-01-16,28.84,1454,1183,onchain-orderbook
2026-01-17,29.04,1454,1182,onchain-orderbook
2026-01-18,29.1899,9338,1182,onchain-orderbook
2026-01-19,29,7043,1185,onchain-orderbook
2026-01-20,27.24,1362,1190,onchain-orderbook
2026-01-21,27.24,1362,1193,onchain-orderbook
2026-01-22,27.25,1702,1191,onchain-orderbook
2026-01-23,27.25,1702,1188,onchain-orderbook
2026-01-24,27.25,1702,1183,onchain-orderbook
2026-01-25,28.88,1362,1184,onchain-orderbook
2026-01-26,28.8,1035,1184,onchain-orderbook
2026-01-27,28.4,1035,1183,onchain-orderbook
2026-01-28,28.4,1035,1186,onchain-orderbook
2026-01-29,28.4,1035,1184,onchain-orderbook
2026-01-30,27.99,1035,1187,onchain-orderbook
2026-01-31,27.44,1362,1191,onchain-orderbook
2026-02-01,27.3,8746,1182,onchain-orderbook
2026-02-02,27.93,7484,1177,onchain-orderbook
2026-02-03,26.99,7484,1179,onchain-orderbook
2026-02-04,26.99,7484,1178,onchain-orderbook
2026-02-05,29.9,1940,1163,onchain-orderbook
2026-02-06,29.86,5117,1156,onchain-orderbook
2026-02-07,29.86,5117,1157,onchain-orderbook
2026-02-08,29.86,5117,1153,onchain-orderbook
2026-02-09,29.86,5117,1149,onchain-orderbook
2026-02-10,29.86,5117,1149,onchain-orderbook
2026-02-11,29.86,5117,1147,onchain-orderbook
2026-02-12,29.85,7043,1145,onchain-orderbook
2026-02-13,29.85,7043,1150,onchain-orderbook
2026-02-14,29.85,7043,1150,onchain-orderbook
2026-02-15,29.85,7043,1146,onchain-orderbook
2026-02-16,29.85,7043,1145,onchain-orderbook
2026-02-17,29.85,7043,1147,onchain-orderbook
2026-02-18,29.85,7043,1149,onchain-orderbook
2026-02-19,29.85,7043,1152,onchain-orderbook
2026-02-20,29.8,3190,1149,onchain-orderbook
2026-02-21,29.8,3190,1152,onchain-orderbook
2026-02-22,29.75,3190,1152,onchain-orderbook
2026-02-23,29.86,3853,1148,onchain-orderbook
2026-02-24,29.8,5055,1147,onchain-orderbook
2026-02-25,29.25,5117,1150,onchain-orderbook
2026-02-26,29.84,3190,1148,onchain-orderbook
2026-02-27,29.84,3190,1148,onchain-orderbook
2026-02-28,29.86,3853,1148,onchain-orderbook
2026-03-01,29.86,3853,1143,onchain-orderbook
2026-03-02,29.86,3853,1145,onchain-orderbook
2026-03-03,29.85,242,1148,onchain-orderbook
2026-03-04,29.85,5863,1150,onchain-orderbook
2026-03-05,29.85,5863,1144,onchain-orderbook
2026-03-06,29.4,5757,1147,onchain-orderbook
2026-03-07,29.4,5757,1148,onchain-orderbook
2026-03-08,29.79,5863,1148,onchain-orderbook
2026-03-09,29.79,5863,1148,onchain-orderbook
2026-03-10,29.79,5863,1157,onchain-orderbook
2026-03-11,29.39,5863,1155,onchain-orderbook
2026-03-12,29.39,5863,1157,onchain-orderbook
2026-03-13,28.5,5863,1161,onchain-orderbook
2026-03-14,28.5,5863,1162,onchain-orderbook
2026-03-15,28.99,5863,1160,onchain-orderbook
2026-03-16,29.09,6755,1158,onchain-orderbook
2026-03-17,28.98,6755,1162,onchain-orderbook
2026-03-18,28.98,6755,1164,onchain-orderbook
2026-03-19,28.98,6755,1161,onchain-orderbook
2026-03-20,28.49,3478,1161,onchain-orderbook
2026-03-21,28.49,3478,1162,onchain-orderbook
2026-03-22,29.4,8949,1160,onchain-orderbook
2026-03-23,28.48,242,1161,onchain-orderbook
2026-03-24,29.44,2039,1159,onchain-orderbook
2026-03-25,29.44,2039,1157,onchain-orderbook
2026-03-26,29.29,8949,1158,onchain-orderbook
2026-03-27,28.75,3103,1159,onchain-orderbook
2026-03-28,28.75,3103,1159,onchain-orderbook
2026-03-29,28.75,3103,1160,onchain-orderbook
2026-03-30,28.98,2039,1161,onchain-orderbook
2026-03-31,28.98,2039,1163,onchain-orderbook
2026-04-01,28.25,7366,1160,onchain-orderbook
2026-04-02,27.49,242,1162,onchain-orderbook
2026-04-03,27.48,5863,1160,onchain-orderbook
2026-04-04,27.99,5863,1153,onchain-orderbook
2026-04-05,28.78,5863,1154,onchain-orderbook
2026-04-06,28.47,5863,1154,onchain-orderbook
2026-04-07,28.25,5450,1160,onchain-orderbook
2026-04-08,28.25,1429,1160,onchain-orderbook
2026-04-09,27.99,242,1162,onchain-orderbook
2026-04-10,27.99,242,1161,onchain-orderbook
2026-04-11,26.95,3150,1164,onchain-orderbook
2026-04-12,27.74,242,1162,onchain-orderbook
2026-04-13,26.69,242,1161,onchain-orderbook
2026-04-14,25.99,242,1169,onchain-orderbook
2026-04-15,26.98,2039,1167,onchain-orderbook
2026-04-16,25.99,7981,1166,onchain-orderbook
2026-04-17,26.79,242,1162,onchain-orderbook
2026-04-18,26.78,1895,1160,onchain-orderbook
2026-04-19,26.64,242,1159,onchain-orderbook
2026-04-20,26,7232,1161,onchain-orderbook
2026-04-21,28,4554,1157,onchain-orderbook
2026-04-22,28.88,242,1153,onchain-orderbook
2026-04-23,29,242,1150,onchain-orderbook
2026-04-24,29.67,242,1148,onchain-orderbook
2026-04-25,29.88,4772,1148,onchain-orderbook
2026-04-26,30.95,8168,1142,onchain-orderbook
2026-04-27,30.89,7924,1143,onchain-orderbook
2026-04-28,30.88,2039,1144,onchain-orderbook
2026-04-29,30.88,2039,1144,onchain-orderbook
2026-04-30,30.8,5358,1143,onchain-orderbook
2026-05-01,30.95,8168,1145,onchain-orderbook
2026-05-02,30.95,8168,1142,onchain-orderbook
2026-05-03,30.95,8168,1144,onchain-orderbook
2026-05-04,30.95,8168,1141,onchain-orderbook
2026-05-05,30.95,8168,1139,onchain-orderbook
2026-05-06,30.98,4708,1138,onchain-orderbook
2026-05-07,31,9732,1138,onchain-orderbook
2026-05-08,31,9732,1139,onchain-orderbook
2026-05-09,31,9732,1142,onchain-orderbook
2026-05-10,30.99,2659,1144,onchain-orderbook
2026-05-11,29.69,7502,1147,onchain-orderbook
2026-05-12,29.58,2659,1147,onchain-orderbook
2026-05-13,29.689,2659,1152,onchain-orderbook
2026-05-14,29.899,2659,1149,onchain-orderbook
2026-05-15,30.98,3774,1146,onchain-orderbook
2026-05-16,32.830438512707545,1702,1138,onchain-orderbook
2026-05-17,33.25,2467,1140,onchain-orderbook
2026-05-18,33.25,2467,1138,onchain-orderbook
2026-05-19,33.98,2659,1142,onchain-orderbook
2026-05-20,33.98,1859,1149,onchain-orderbook
2026-05-21,33.48,2659,1156,onchain-orderbook
2026-05-22,33.48,2659,1157,onchain-orderbook
2026-05-23,33.44,2659,1155,onchain-orderbook
2026-05-24,33.23,2659,1155,onchain-orderbook
2026-05-25,33.23,2659,1153,onchain-orderbook
2026-05-26,32.99,2659,1154,onchain-orderbook
2026-05-27,32.7,471,1154,onchain-orderbook
2026-05-28,31.84,2659,1156,onchain-orderbook
2026-05-29,30.99,3646,1158,onchain-orderbook
2026-05-30,30.49,3646,1159,onchain-orderbook
2026-05-31,31.83,3646,1157,onchain-orderbook
2026-06-01,31.83,3646,1159,onchain-orderbook
2026-06-02,31.48,2659,1157,onchain-orderbook
2026-06-03,30.82,2659,1162,onchain-orderbook
2026-06-04,30.79,2659,1162,onchain-orderbook
2026-06-05,32,1905,1143,onchain-orderbook
2026-06-06,32.5,1905,1143,onchain-orderbook
2026-06-07,32.7,471,1141,onchain-orderbook
2026-06-08,32.7,471,1140,onchain-orderbook
2026-06-09,32.7,471,1145,onchain-orderbook
2026-06-10,32.7,471,1148,onchain-orderbook
2026-06-11,32.7,471,1145,onchain-orderbook
2026-06-12,32.6,2595,1146,onchain-orderbook
2026-06-13,32.7,471,1143,onchain-orderbook
2026-06-14,32.7,471,1144,onchain-orderbook
2026-06-15,32.69,628,1142,onchain-orderbook
2026-06-16,32.7,471,1143,onchain-orderbook
2026-06-17,32.7,471,1146,onchain-orderbook
2026-06-18,32.7,471,1146,onchain-orderbook
2026-06-19,32.7,471,1150,onchain-orderbook
2026-06-20,32.7,471,1151,onchain-orderbook
2026-06-21,32,7056,1152,onchain-orderbook
2026-06-22,32.49,2617,1152,onchain-orderbook
2026-06-23,31.49,2617,1154,onchain-orderbook
2026-06-24,31.49,2617,1154,onchain-orderbook
2026-06-25,31.49,2617,1152,onchain-orderbook
2026-06-26,31.99,2617,1146,onchain-orderbook
2026-06-27,32.5,4972,1142,onchain-orderbook
2026-06-28,32.5,4972,1150,onchain-orderbook
2026-06-29,31.5,2617,1165,onchain-orderbook
2026-06-30,31.97,5450,1171,onchain-orderbook
2026-07-01,31,1702,1171,onchain-orderbook
2026-07-02,31.97,5450,1165,onchain-orderbook
2026-07-03,32.44,3498,1167,onchain-orderbook
2026-07-04,32.44,3498,1157,onchain-orderbook
2026-07-05,32.44,3498,1161,onchain-orderbook
2026-07-06,32.44,3498,1158,onchain-orderbook
2026-07-07,32.44,3498,1162,onchain-orderbook
2026-07-08,32.44,3498,1162,onchain-orderbook
2026-07-09,32.44,3498,1164,onchain-orderbook
2026-07-10,32.44,3498,1164,onchain-orderbook
2026-07-11,32.44,3498,1163,onchain-orderbook
2026-07-12,32.44,3498,1158,onchain-orderbook
2026-07-13,32.45,9419,1157,onchain-orderbook
2026-07-14,32.43,3498,1161,onchain-orderbook
2026-07-15,32.43,3498,1161,onchain-orderbook
2026-07-16,32.43,3498,1162,onchain-orderbook
2026-07-17,31.98,3498,1165,onchain-orderbook
2026-07-18,31.99,270,1162,onchain-orderbook
2026-07-19,31.99,270,1162,onchain-orderbook
2026-07-20,31.99,270,1162,onchain-orderbook
2026-07-21,32,5917,1156,onchain-orderbook
2026-07-22,32,5917,1160,onchain-orderbook
2026-07-23,31.99,3498,1160,onchain-orderbook
2026-07-24,31.99,3498,1165,onchain-orderbook
2026-07-25,32.42,5098,1161,onchain-orderbook
2026-07-26,32.39,5917,1164,onchain-orderbook
2026-07-27,32.39,5917,1162,onchain-orderbook
2026-07-28,32.37,5917,1162,onchain-orderbook
2026-07-29,32.29,5917,1161,onchain-orderbook
2026-07-30,32.28,2403,1162,onchain-orderbook
2026-07-31,32.27,5917,1161,onchain-orderbook
2026-08-01,32.26,2403,1161,onchain-orderbook
2026-08-02,32.26,2403,1159,onchain-orderbook
2026-08-03,32.26,2403,1158,onchain-orderbook
2026-08-04,31.7,2403,1165,onchain-orderbook
2026-08-05,31.7,2403,1162,onchain-orderbook
2026-08-06,32.37,5917,1161,onchain-orderbook
2026-08-07,32.35,5917,1162,onchain-orderbook
2026-08-08,32.2,5067,1160,onchain-orderbook
2026-08-09,32.2,5067,1159,onchain-orderbook
2026-08-10,31.98,5917,1154,onchain-orderbook
2026-08-11,31.98,5917,1153,onchain-orderbook
2026-08-12,31.72,2876,1152,onchain-orderbook
2026-08-13,31.72,2876,1151,onchain-orderbook
2026-08-14,32.18,2876,1150,onchain-orderbook
2026-08-15,32.18,2876,1153,onchain-orderbook
2026-08-16,32.18,5917,1153,onchain-orderbook
2026-08-17,32.17,2876,1153,onchain-orderbook
2026-08-18,32.2,5067,1153,onchain-orderbook
2026-08-19,32.2,5067,1154,onchain-orderbook
2026-08-20,32.41,2403,1155,onchain-orderbook
2026-08-21,32.45,9419,1156,onchain-orderbook
2026-08-22,31.98,2403,1153,onchain-orderbook
2026-08-23,31.98,2403,1151,onchain-orderbook
2026-08-24,32.44,2876,1149,onchain-orderbook
2026-08-25,32.44,2876,1150,onchain-orderbook
2026-08-26,31.99,2876,1151,onchain-orderbook
2026-08-27,32.44,2876,1153,onchain-orderbook
2026-08-28,31.88,2876,1154,onchain-orderbook
2026-08-29,31.88,2876,1152,onchain-orderbook
2026-08-30,31.98,2876,1152,onchain-orderbook
2026-08-31,31.99,3168,1154,onchain-orderbook
2026-09-01,31.97,1895,1158,onchain-orderbook
2026-09-02,31.49,2876,1159,onchain-orderbook
2026-09-03,30.75,2710,1161,onchain-orderbook
2026-09-04,30.74,2876,1167,onchain-orderbook
2026-09-05,29.99,2710,1165,onchain-orderbook
2026-09-06,29.99,2710,1167,onchain-orderbook
2026-09-07,29.96,9060,1169,onchain-orderbook
2026-09-08,29.91,2876,1171,onchain-orderbook
2026-09-09,29.91,7366,1169,onchain-orderbook
2026-09-10,29.91,7366,1168,onchain-orderbook
2026-09-11,29.79,7366,1166,onchain-orderbook
2026-09-12,29.79,7366,1167,onchain-orderbook
2026-09-13,29.79,7366,1170,onchain-orderbook
2026-09-14,29.75,7366,1167,onchain-orderbook
2026-09-15,29.39,2876,1165,onchain-orderbook
2026-09-16,29.38,3637,1166,onchain-orderbook
2026-09-17,29.69,7366,1163,onchain-orderbook
2026-09-18,29.69,7366,1165,onchain-orderbook
2026-09-19,29.69,7366,1165,onchain-orderbook
2026-09-20,29.64,3168,1165,onchain-orderbook
2026-09-21,31,3960,1153,onchain-orderbook
2026-09-22,32.43,3235,1151,onchain-orderbook
